Sitemap URL,Page URL,Discovered
https://gamedravo.com/sitemap.xml,https://gamedravo.com/games/gamepix-stickman-broken-bones-io,13 Jun 2026 (14:05 UTC)
https://gamedravo.com/sitemap.xml,https://gamedravo.com/games/gamepix-sprunki-games-player-456,13 Jun 2026 (14:05 UTC)
https://gamedravo.com/sitemap.xml,https://gamedravo.com/games/gamepix-sprunki-stunt-driving-simulator,13 Jun 2026 (14:05 UTC)
https://gamedravo.com/sitemap.xml,https://gamedravo.com/games/gamepix-squad-tower,13 Jun 2026 (14:05 UTC)
https://gamedravo.com/sitemap.xml,https://gamedravo.com/games/gamepix-squid-race,13 Jun 2026 (14:05 UTC)
https://gamedravo.com/sitemap.xml,https://gamedravo.com/games/gamepix-squidgame-3d,13 Jun 2026 (14:05 UTC)
https://gamedravo.com/sitemap.xml,https://gamedravo.com/games/gamepix-stacky-dash-nail,13 Jun 2026 (14:05 UTC)
https://gamedravo.com/sitemap.xml,https://gamedravo.com/games/gamepix-star-wing,13 Jun 2026 (14:05 UTC)
https://gamedravo.com/sitemap.xml,https://gamedravo.com/games/gamepix-steve-adventurecraft-nether,13 Jun 2026 (14:05 UTC)
https://gamedravo.com/sitemap.xml,https://gamedravo.com/games/gamepix-stick-army,13 Jun 2026 (14:05 UTC)
https://gamedravo.com/sitemap.xml,https://gamedravo.com/games/gamepix-stick-vs-zombies-epic-battle,13 Jun 2026 (14:05 UTC)
https://gamedravo.com/sitemap.xml,https://gamedravo.com/games/gamepix-stickman-archero-fight,13 Jun 2026 (14:05 UTC)
https://gamedravo.com/sitemap.xml,https://gamedravo.com/games/gamepix-stickman-army-the-resistance,13 Jun 2026 (14:05 UTC)
https://gamedravo.com/sitemap.xml,https://gamedravo.com/games/gamepix-stickman-assault-prison-strike,13 Jun 2026 (14:05 UTC)
https://gamedravo.com/sitemap.xml,https://gamedravo.com/games/gamepix-sprunki-coloring-book,13 Jun 2026 (14:05 UTC)
https://gamedravo.com/sitemap.xml,https://gamedravo.com/games/gamepix-stickman-fighter-mega-brawl,13 Jun 2026 (14:05 UTC)
https://gamedravo.com/sitemap.xml,https://gamedravo.com/games/gamepix-stickman-fighting,13 Jun 2026 (14:05 UTC)
https://gamedravo.com/sitemap.xml,https://gamedravo.com/games/gamepix-stickman-gun-battle-simulator,13 Jun 2026 (14:05 UTC)
https://gamedravo.com/sitemap.xml,https://gamedravo.com/games/gamepix-stickman-hook-online,13 Jun 2026 (14:05 UTC)
https://gamedravo.com/sitemap.xml,https://gamedravo.com/games/gamepix-stickman-killing-zombie-3d,13 Jun 2026 (14:05 UTC)
https://gamedravo.com/sitemap.xml,https://gamedravo.com/games/gamepix-stickman-legacy-of-war-3d,13 Jun 2026 (14:05 UTC)
https://gamedravo.com/sitemap.xml,https://gamedravo.com/games/gamepix-stickman-maverick-bad-boys-killer,13 Jun 2026 (14:05 UTC)
https://gamedravo.com/sitemap.xml,https://gamedravo.com/games/gamepix-stickman-mega-boss-battles,13 Jun 2026 (14:05 UTC)
https://gamedravo.com/sitemap.xml,https://gamedravo.com/games/gamepix-stickman-simulator-final-battle,13 Jun 2026 (14:05 UTC)
https://gamedravo.com/sitemap.xml,https://gamedravo.com/games/gamepix-stickman-simulator-zombie-battle,13 Jun 2026 (14:05 UTC)
https://gamedravo.com/sitemap.xml,https://gamedravo.com/games/gamepix-stickman-street-fighting,13 Jun 2026 (14:05 UTC)
https://gamedravo.com/sitemap.xml,https://gamedravo.com/games/gamepix-stickman-troll-thief-puzzle,13 Jun 2026 (14:05 UTC)
https://gamedravo.com/sitemap.xml,https://gamedravo.com/games/gamepix-stickman-vs-monster-school,13 Jun 2026 (14:05 UTC)
https://gamedravo.com/sitemap.xml,https://gamedravo.com/games/gamepix-smart-looter,13 Jun 2026 (14:05 UTC)
https://gamedravo.com/sitemap.xml,https://gamedravo.com/games/gamepix-skibidi-jump-challenge,13 Jun 2026 (14:05 UTC)
https://gamedravo.com/sitemap.xml,https://gamedravo.com/games/gamepix-skibidi-laser-kill,13 Jun 2026 (14:05 UTC)
https://gamedravo.com/sitemap.xml,https://gamedravo.com/games/gamepix-skibidi-match-master,13 Jun 2026 (14:05 UTC)
https://gamedravo.com/sitemap.xml,https://gamedravo.com/games/gamepix-skibidi-snake-io,13 Jun 2026 (14:05 UTC)
https://gamedravo.com/sitemap.xml,https://gamedravo.com/games/gamepix-skibidi-survival-challenge,13 Jun 2026 (14:05 UTC)
https://gamedravo.com/sitemap.xml,https://gamedravo.com/games/gamepix-skibidi-toilet-adventure,13 Jun 2026 (14:05 UTC)
https://gamedravo.com/sitemap.xml,https://gamedravo.com/games/gamepix-skibidi-toilet-platform-jump,13 Jun 2026 (14:05 UTC)
https://gamedravo.com/sitemap.xml,https://gamedravo.com/games/gamepix-skibidi-toilet-vs-camer-man,13 Jun 2026 (14:05 UTC)
https://gamedravo.com/sitemap.xml,https://gamedravo.com/games/gamepix-skibidi-vs-alien,13 Jun 2026 (14:05 UTC)
https://gamedravo.com/sitemap.xml,https://gamedravo.com/games/gamepix-sky-flight,13 Jun 2026 (14:05 UTC)
https://gamedravo.com/sitemap.xml,https://gamedravo.com/games/gamepix-slalom-hero,13 Jun 2026 (14:05 UTC)
https://gamedravo.com/sitemap.xml,https://gamedravo.com/games/gamepix-sliding-slide,13 Jun 2026 (14:05 UTC)
https://gamedravo.com/sitemap.xml,https://gamedravo.com/games/gamepix-slope-racing-3d,13 Jun 2026 (14:05 UTC)
https://gamedravo.com/sitemap.xml,https://gamedravo.com/games/gamepix-stickman-warriors-1,13 Jun 2026 (14:05 UTC)
https://gamedravo.com/sitemap.xml,https://gamedravo.com/games/gamepix-snail-clicker,13 Jun 2026 (14:05 UTC)
https://gamedravo.com/sitemap.xml,https://gamedravo.com/games/gamepix-snake-2048-io,13 Jun 2026 (14:05 UTC)
https://gamedravo.com/sitemap.xml,https://gamedravo.com/games/gamepix-snow-mo-cannon-shooting-game,13 Jun 2026 (14:05 UTC)
https://gamedravo.com/sitemap.xml,https://gamedravo.com/games/gamepix-soccer-dash,13 Jun 2026 (14:05 UTC)
https://gamedravo.com/sitemap.xml,https://gamedravo.com/games/gamepix-sokoballs,13 Jun 2026 (14:05 UTC)
https://gamedravo.com/sitemap.xml,https://gamedravo.com/games/gamepix-space-tower-defense,13 Jun 2026 (14:05 UTC)
https://gamedravo.com/sitemap.xml,https://gamedravo.com/games/gamepix-speakerman-skibidi-dop-yes-yes,13 Jun 2026 (14:05 UTC)
https://gamedravo.com/sitemap.xml,https://gamedravo.com/games/gamepix-speakerman-vs-skibidi-toilet,13 Jun 2026 (14:05 UTC)
https://gamedravo.com/sitemap.xml,https://gamedravo.com/games/gamepix-spekerman-revenge,13 Jun 2026 (14:05 UTC)
https://gamedravo.com/sitemap.xml,https://gamedravo.com/games/gamepix-spider-evolution-runner-game,13 Jun 2026 (14:05 UTC)
https://gamedravo.com/sitemap.xml,https://gamedravo.com/games/gamepix-spikes-and-feathers,13 Jun 2026 (14:05 UTC)
https://gamedravo.com/sitemap.xml,https://gamedravo.com/games/gamepix-spinning-oia-oia-cat-bricker,13 Jun 2026 (14:05 UTC)
https://gamedravo.com/sitemap.xml,https://gamedravo.com/games/gamepix-the-lost-joystick,13 Jun 2026 (14:05 UTC)
https://gamedravo.com/sitemap.xml,https://gamedravo.com/games/gamepix-tanks-2d,13 Jun 2026 (14:05 UTC)
https://gamedravo.com/sitemap.xml,https://gamedravo.com/games/gamepix-tanks-2d-war-and-heroes,13 Jun 2026 (14:05 UTC)
https://gamedravo.com/sitemap.xml,https://gamedravo.com/games/gamepix-tanks-blitz,13 Jun 2026 (14:05 UTC)
https://gamedravo.com/sitemap.xml,https://gamedravo.com/games/gamepix-telekinesis-battle-3d,13 Jun 2026 (14:05 UTC)
https://gamedravo.com/sitemap.xml,https://gamedravo.com/games/gamepix-tennis-open-2020,13 Jun 2026 (14:05 UTC)
https://gamedravo.com/sitemap.xml,https://gamedravo.com/games/gamepix-tennis-open-2024,13 Jun 2026 (14:05 UTC)
https://gamedravo.com/sitemap.xml,https://gamedravo.com/games/gamepix-tentrix,13 Jun 2026 (14:05 UTC)
https://gamedravo.com/sitemap.xml,https://gamedravo.com/games/gamepix-tentrix-blast,13 Jun 2026 (14:05 UTC)
https://gamedravo.com/sitemap.xml,https://gamedravo.com/games/gamepix-the-black-and-white,13 Jun 2026 (14:05 UTC)
https://gamedravo.com/sitemap.xml,https://gamedravo.com/games/gamepix-the-dwarf-planet,13 Jun 2026 (14:05 UTC)
https://gamedravo.com/sitemap.xml,https://gamedravo.com/games/gamepix-the-eggsecutioner,13 Jun 2026 (14:05 UTC)
https://gamedravo.com/sitemap.xml,https://gamedravo.com/games/gamepix-the-elevator-clicker,13 Jun 2026 (14:05 UTC)
https://gamedravo.com/sitemap.xml,https://gamedravo.com/games/gamepix-the-kitchen-spot-the-differences,13 Jun 2026 (14:05 UTC)
https://gamedravo.com/sitemap.xml,https://gamedravo.com/games/gamepix-takeover,13 Jun 2026 (14:05 UTC)
https://gamedravo.com/sitemap.xml,https://gamedravo.com/games/gamepix-the-malevolent-mansion-of-evil,13 Jun 2026 (14:05 UTC)
https://gamedravo.com/sitemap.xml,https://gamedravo.com/games/gamepix-the-man-from-the-window,13 Jun 2026 (14:05 UTC)
https://gamedravo.com/sitemap.xml,https://gamedravo.com/games/gamepix-the-room,13 Jun 2026 (14:05 UTC)
https://gamedravo.com/sitemap.xml,https://gamedravo.com/games/gamepix-the-superhero-league,13 Jun 2026 (14:05 UTC)
https://gamedravo.com/sitemap.xml,https://gamedravo.com/games/gamepix-thief-puzzle,13 Jun 2026 (14:05 UTC)
https://gamedravo.com/sitemap.xml,https://gamedravo.com/games/gamepix-thief-stick-puzzle-man-escape,13 Jun 2026 (14:05 UTC)
https://gamedravo.com/sitemap.xml,https://gamedravo.com/games/gamepix-three-cups-game,13 Jun 2026 (14:05 UTC)
https://gamedravo.com/sitemap.xml,https://gamedravo.com/games/gamepix-tic-tac-toe-mania,13 Jun 2026 (14:05 UTC)
https://gamedravo.com/sitemap.xml,https://gamedravo.com/games/gamepix-tic-tac-toe-multiplayer-x-o-puzzle-board-game,13 Jun 2026 (14:05 UTC)
https://gamedravo.com/sitemap.xml,https://gamedravo.com/games/gamepix-tiger-run,13 Jun 2026 (14:05 UTC)
https://gamedravo.com/sitemap.xml,https://gamedravo.com/games/gamepix-tiger-tank,13 Jun 2026 (14:05 UTC)
https://gamedravo.com/sitemap.xml,https://gamedravo.com/games/gamepix-tile-jumper-3d,13 Jun 2026 (14:05 UTC)
https://gamedravo.com/sitemap.xml,https://gamedravo.com/games/gamepix-super-pork,13 Jun 2026 (14:05 UTC)
https://gamedravo.com/sitemap.xml,https://gamedravo.com/games/gamepix-stock-car-hero,13 Jun 2026 (14:05 UTC)
https://gamedravo.com/sitemap.xml,https://gamedravo.com/games/gamepix-street-ball-jam,13 Jun 2026 (14:05 UTC)
https://gamedravo.com/sitemap.xml,https://gamedravo.com/games/gamepix-strike-galaxy-attack,13 Jun 2026 (14:05 UTC)
https://gamedravo.com/sitemap.xml,https://gamedravo.com/games/gamepix-strykon,13 Jun 2026 (14:05 UTC)
https://gamedravo.com/sitemap.xml,https://gamedravo.com/games/gamepix-stunt-rider,13 Jun 2026 (14:05 UTC)
https://gamedravo.com/sitemap.xml,https://gamedravo.com/games/gamepix-subway-princess-run-1,13 Jun 2026 (14:05 UTC)
https://gamedravo.com/sitemap.xml,https://gamedravo.com/games/gamepix-super-bike-racing,13 Jun 2026 (14:05 UTC)
https://gamedravo.com/sitemap.xml,https://gamedravo.com/games/gamepix-super-billy-boy,13 Jun 2026 (14:05 UTC)
https://gamedravo.com/sitemap.xml,https://gamedravo.com/games/gamepix-super-chains,13 Jun 2026 (14:05 UTC)
https://gamedravo.com/sitemap.xml,https://gamedravo.com/games/gamepix-super-cute-cat,13 Jun 2026 (14:05 UTC)
https://gamedravo.com/sitemap.xml,https://gamedravo.com/games/gamepix-super-oliver-world,13 Jun 2026 (14:05 UTC)
https://gamedravo.com/sitemap.xml,https://gamedravo.com/games/gamepix-super-onion-boy,13 Jun 2026 (14:05 UTC)
https://gamedravo.com/sitemap.xml,https://gamedravo.com/games/gamepix-super-onion-boy-2,13 Jun 2026 (14:05 UTC)
https://gamedravo.com/sitemap.xml,https://gamedravo.com/games/gamepix-skibidi-in-the-backrooms,13 Jun 2026 (14:05 UTC)
https://gamedravo.com/sitemap.xml,https://gamedravo.com/games/gamepix-super-slashman,13 Jun 2026 (14:05 UTC)
https://gamedravo.com/sitemap.xml,https://gamedravo.com/games/gamepix-super-spy-mario-vs-skibidi-toilet,13 Jun 2026 (14:05 UTC)
https://gamedravo.com/sitemap.xml,https://gamedravo.com/games/gamepix-super-steve-world,13 Jun 2026 (14:05 UTC)
https://gamedravo.com/sitemap.xml,https://gamedravo.com/games/gamepix-super-suv-driving,13 Jun 2026 (14:05 UTC)
https://gamedravo.com/sitemap.xml,https://gamedravo.com/games/gamepix-super-willie-world,13 Jun 2026 (14:05 UTC)
https://gamedravo.com/sitemap.xml,https://gamedravo.com/games/gamepix-superbike-hero,13 Jun 2026 (14:05 UTC)
https://gamedravo.com/sitemap.xml,https://gamedravo.com/games/gamepix-supercars-zombie-driving,13 Jun 2026 (14:05 UTC)
https://gamedravo.com/sitemap.xml,https://gamedravo.com/games/gamepix-supermarket-expert-idle,13 Jun 2026 (14:05 UTC)
https://gamedravo.com/sitemap.xml,https://gamedravo.com/games/gamepix-supermarket-simulator-dream-store,13 Jun 2026 (14:05 UTC)
https://gamedravo.com/sitemap.xml,https://gamedravo.com/games/gamepix-superstar-family-dress-up-game,13 Jun 2026 (14:05 UTC)
https://gamedravo.com/sitemap.xml,https://gamedravo.com/games/gamepix-swim-or-die,13 Jun 2026 (14:05 UTC)
https://gamedravo.com/sitemap.xml,https://gamedravo.com/games/gamepix-swipy-basketball,13 Jun 2026 (14:05 UTC)
https://gamedravo.com/sitemap.xml,https://gamedravo.com/games/gamepix-penalty-challenge,13 Jun 2026 (14:05 UTC)
https://gamedravo.com/sitemap.xml,https://gamedravo.com/games/gamepix-open-dune-2,13 Jun 2026 (14:05 UTC)
https://gamedravo.com/sitemap.xml,https://gamedravo.com/games/gamepix-openttd,13 Jun 2026 (14:05 UTC)
https://gamedravo.com/sitemap.xml,https://gamedravo.com/games/gamepix-outer-planet,13 Jun 2026 (14:05 UTC)
https://gamedravo.com/sitemap.xml,https://gamedravo.com/games/gamepix-paco-paco,13 Jun 2026 (14:05 UTC)
https://gamedravo.com/sitemap.xml,https://gamedravo.com/games/gamepix-panda-fight,13 Jun 2026 (14:05 UTC)
https://gamedravo.com/sitemap.xml,https://gamedravo.com/games/gamepix-paper-panzer,13 Jun 2026 (14:05 UTC)
https://gamedravo.com/sitemap.xml,https://gamedravo.com/games/gamepix-paper-plane-adventure-paperly,13 Jun 2026 (14:05 UTC)
https://gamedravo.com/sitemap.xml,https://gamedravo.com/games/gamepix-park-the-cars,13 Jun 2026 (14:05 UTC)
https://gamedravo.com/sitemap.xml,https://gamedravo.com/games/gamepix-parking-solution,13 Jun 2026 (14:05 UTC)
https://gamedravo.com/sitemap.xml,https://gamedravo.com/games/gamepix-parkour-obby-jump-to-victory,13 Jun 2026 (14:05 UTC)
https://gamedravo.com/sitemap.xml,https://gamedravo.com/games/gamepix-parkourcraft,13 Jun 2026 (14:05 UTC)
https://gamedravo.com/sitemap.xml,https://gamedravo.com/games/gamepix-parmesan-partisan,13 Jun 2026 (14:05 UTC)
https://gamedravo.com/sitemap.xml,https://gamedravo.com/games/gamepix-parmesan-partisan-deluxe,13 Jun 2026 (14:05 UTC)
https://gamedravo.com/sitemap.xml,https://gamedravo.com/games/gamepix-obunga-nextbot-spot-difference,13 Jun 2026 (14:05 UTC)
https://gamedravo.com/sitemap.xml,https://gamedravo.com/games/gamepix-penalty-challenge-multiplayer,13 Jun 2026 (14:05 UTC)
https://gamedravo.com/sitemap.xml,https://gamedravo.com/games/gamepix-penalty-kick-wiz,13 Jun 2026 (14:05 UTC)
https://gamedravo.com/sitemap.xml,https://gamedravo.com/games/gamepix-penalty-shooters,13 Jun 2026 (14:05 UTC)
https://gamedravo.com/sitemap.xml,https://gamedravo.com/games/gamepix-penalty-shooters-3,13 Jun 2026 (14:05 UTC)
https://gamedravo.com/sitemap.xml,https://gamedravo.com/games/gamepix-people-playground-ragdoll-arena,13 Jun 2026 (14:05 UTC)
https://gamedravo.com/sitemap.xml,https://gamedravo.com/games/gamepix-perimeter,13 Jun 2026 (14:05 UTC)
https://gamedravo.com/sitemap.xml,https://gamedravo.com/games/gamepix-pilot-life,13 Jun 2026 (14:05 UTC)
https://gamedravo.com/sitemap.xml,https://gamedravo.com/games/gamepix-poly-art,13 Jun 2026 (14:05 UTC)
https://gamedravo.com/sitemap.xml,https://gamedravo.com/games/gamepix-popcorn-race-3d-1,13 Jun 2026 (14:05 UTC)
https://gamedravo.com/sitemap.xml,https://gamedravo.com/games/gamepix-poppy-strike-3,13 Jun 2026 (14:05 UTC)
https://gamedravo.com/sitemap.xml,https://gamedravo.com/games/gamepix-portal,13 Jun 2026 (14:05 UTC)
https://gamedravo.com/sitemap.xml,https://gamedravo.com/games/gamepix-princess-hair-spa-salon,13 Jun 2026 (14:05 UTC)
https://gamedravo.com/sitemap.xml,https://gamedravo.com/games/gamepix-princess-nail-art,13 Jun 2026 (14:05 UTC)
https://gamedravo.com/sitemap.xml,https://gamedravo.com/games/gamepix-ninja-parkour-multiplayer,13 Jun 2026 (14:05 UTC)
https://gamedravo.com/sitemap.xml,https://gamedravo.com/games/gamepix-mr-shooter,13 Jun 2026 (14:05 UTC)
https://gamedravo.com/sitemap.xml,https://gamedravo.com/games/gamepix-murder-mafia,13 Jun 2026 (14:05 UTC)
https://gamedravo.com/sitemap.xml,https://gamedravo.com/games/gamepix-music-tools,13 Jun 2026 (14:05 UTC)
https://gamedravo.com/sitemap.xml,https://gamedravo.com/games/gamepix-my-100-first-words,13 Jun 2026 (14:05 UTC)
https://gamedravo.com/sitemap.xml,https://gamedravo.com/games/gamepix-my-city-hospital,13 Jun 2026 (14:05 UTC)
https://gamedravo.com/sitemap.xml,https://gamedravo.com/games/gamepix-my-parking-lot,13 Jun 2026 (14:05 UTC)
https://gamedravo.com/sitemap.xml,https://gamedravo.com/games/gamepix-my-sugar-factory,13 Jun 2026 (14:05 UTC)
https://gamedravo.com/sitemap.xml,https://gamedravo.com/games/gamepix-my-sweet-candy-outfits,13 Jun 2026 (14:05 UTC)
https://gamedravo.com/sitemap.xml,https://gamedravo.com/games/gamepix-natural-disaster-survival-obby,13 Jun 2026 (14:05 UTC)
https://gamedravo.com/sitemap.xml,https://gamedravo.com/games/gamepix-neon-shot,13 Jun 2026 (14:05 UTC)
https://gamedravo.com/sitemap.xml,https://gamedravo.com/games/gamepix-night-city-racing,13 Jun 2026 (14:05 UTC)
https://gamedravo.com/sitemap.xml,https://gamedravo.com/games/gamepix-ninja-adventure-game,13 Jun 2026 (14:05 UTC)
https://gamedravo.com/sitemap.xml,https://gamedravo.com/games/gamepix-ninja-in-cape,13 Jun 2026 (14:05 UTC)
https://gamedravo.com/sitemap.xml,https://gamedravo.com/games/gamepix-prism-match-3d,13 Jun 2026 (14:05 UTC)
https://gamedravo.com/sitemap.xml,https://gamedravo.com/games/gamepix-ninja-samurai-runner-online,13 Jun 2026 (14:05 UTC)
https://gamedravo.com/sitemap.xml,https://gamedravo.com/games/gamepix-noob-huggy-kissiy,13 Jun 2026 (14:05 UTC)
https://gamedravo.com/sitemap.xml,https://gamedravo.com/games/gamepix-noob-huggy-winter,13 Jun 2026 (14:05 UTC)
https://gamedravo.com/sitemap.xml,https://gamedravo.com/games/gamepix-noob-playground,13 Jun 2026 (14:05 UTC)
https://gamedravo.com/sitemap.xml,https://gamedravo.com/games/gamepix-noob-s-chicken-farm-tycoon,13 Jun 2026 (14:05 UTC)
https://gamedravo.com/sitemap.xml,https://gamedravo.com/games/gamepix-noob-vs-zombie,13 Jun 2026 (14:05 UTC)
https://gamedravo.com/sitemap.xml,https://gamedravo.com/games/gamepix-novice-fisher,13 Jun 2026 (14:05 UTC)
https://gamedravo.com/sitemap.xml,https://gamedravo.com/games/gamepix-nubik-and-5-nights-with-herobrine,13 Jun 2026 (14:05 UTC)
https://gamedravo.com/sitemap.xml,https://gamedravo.com/games/gamepix-nubik-hero-adventure,13 Jun 2026 (14:05 UTC)
https://gamedravo.com/sitemap.xml,https://gamedravo.com/games/gamepix-nut-sort-color-puzzle-game,13 Jun 2026 (14:05 UTC)
https://gamedravo.com/sitemap.xml,https://gamedravo.com/games/gamepix-obby-dead-river,13 Jun 2026 (14:05 UTC)
https://gamedravo.com/sitemap.xml,https://gamedravo.com/games/gamepix-obby-pogo-parkour,13 Jun 2026 (14:05 UTC)
https://gamedravo.com/sitemap.xml,https://gamedravo.com/games/gamepix-santa-gift-matching,13 Jun 2026 (14:05 UTC)
https://gamedravo.com/sitemap.xml,https://gamedravo.com/games/gamepix-roller-ski-queen-1,13 Jun 2026 (14:05 UTC)
https://gamedravo.com/sitemap.xml,https://gamedravo.com/games/gamepix-rolling-donut,13 Jun 2026 (14:05 UTC)
https://gamedravo.com/sitemap.xml,https://gamedravo.com/games/gamepix-rope-bowing-puzzle,13 Jun 2026 (14:05 UTC)
https://gamedravo.com/sitemap.xml,https://gamedravo.com/games/gamepix-ropeman-3d-1,13 Jun 2026 (14:05 UTC)
https://gamedravo.com/sitemap.xml,https://gamedravo.com/games/gamepix-royal-couple-halloween-party,13 Jun 2026 (14:05 UTC)
https://gamedravo.com/sitemap.xml,https://gamedravo.com/games/gamepix-run-gun-robots,13 Jun 2026 (14:05 UTC)
https://gamedravo.com/sitemap.xml,https://gamedravo.com/games/gamepix-runner,13 Jun 2026 (14:05 UTC)
https://gamedravo.com/sitemap.xml,https://gamedravo.com/games/gamepix-runner-soldiers,13 Jun 2026 (14:05 UTC)
https://gamedravo.com/sitemap.xml,https://gamedravo.com/games/gamepix-russian-car-drift-3d,13 Jun 2026 (14:05 UTC)
https://gamedravo.com/sitemap.xml,https://gamedravo.com/games/gamepix-saguaro,13 Jun 2026 (14:05 UTC)
https://gamedravo.com/sitemap.xml,https://gamedravo.com/games/gamepix-samurai-brawling,13 Jun 2026 (14:05 UTC)
https://gamedravo.com/sitemap.xml,https://gamedravo.com/games/gamepix-sand-truck,13 Jun 2026 (14:05 UTC)
https://gamedravo.com/sitemap.xml,https://gamedravo.com/games/gamepix-sandwich-runner,13 Jun 2026 (14:05 UTC)
https://gamedravo.com/sitemap.xml,https://gamedravo.com/games/gamepix-robotex,13 Jun 2026 (14:05 UTC)
https://gamedravo.com/sitemap.xml,https://gamedravo.com/games/gamepix-santa-snow-runner,13 Jun 2026 (14:05 UTC)
https://gamedravo.com/sitemap.xml,https://gamedravo.com/games/gamepix-santa-wood-cutter,13 Jun 2026 (14:05 UTC)
https://gamedravo.com/sitemap.xml,https://gamedravo.com/games/gamepix-santabalt,13 Jun 2026 (14:05 UTC)
https://gamedravo.com/sitemap.xml,https://gamedravo.com/games/gamepix-satisfying-ball-clicker,13 Jun 2026 (14:05 UTC)
https://gamedravo.com/sitemap.xml,https://gamedravo.com/games/gamepix-save-the-planet,13 Jun 2026 (14:05 UTC)
https://gamedravo.com/sitemap.xml,https://gamedravo.com/games/gamepix-shadobirds,13 Jun 2026 (14:05 UTC)
https://gamedravo.com/sitemap.xml,https://gamedravo.com/games/gamepix-shoe-race-1,13 Jun 2026 (14:05 UTC)
https://gamedravo.com/sitemap.xml,https://gamedravo.com/games/gamepix-shoots-skibidi-dop-dop-yes-yes,13 Jun 2026 (14:05 UTC)
https://gamedravo.com/sitemap.xml,https://gamedravo.com/games/gamepix-siren-head-scary,13 Jun 2026 (14:05 UTC)
https://gamedravo.com/sitemap.xml,https://gamedravo.com/games/gamepix-size-up,13 Jun 2026 (14:05 UTC)
https://gamedravo.com/sitemap.xml,https://gamedravo.com/games/gamepix-ski-king-2022,13 Jun 2026 (14:05 UTC)
https://gamedravo.com/sitemap.xml,https://gamedravo.com/games/gamepix-skibidi-blocks,13 Jun 2026 (14:05 UTC)
https://gamedravo.com/sitemap.xml,https://gamedravo.com/games/gamepix-red-mpostor-guys,13 Jun 2026 (14:05 UTC)
https://gamedravo.com/sitemap.xml,https://gamedravo.com/games/gamepix-protect-my-dog,13 Jun 2026 (14:05 UTC)
https://gamedravo.com/sitemap.xml,https://gamedravo.com/games/gamepix-pudding-monsters,13 Jun 2026 (14:05 UTC)
https://gamedravo.com/sitemap.xml,https://gamedravo.com/games/gamepix-puppets-cemetery,13 Jun 2026 (14:05 UTC)
https://gamedravo.com/sitemap.xml,https://gamedravo.com/games/gamepix-push-noob,13 Jun 2026 (14:05 UTC)
https://gamedravo.com/sitemap.xml,https://gamedravo.com/games/gamepix-puzzle-drive,13 Jun 2026 (14:05 UTC)
https://gamedravo.com/sitemap.xml,https://gamedravo.com/games/gamepix-puzzlebot,13 Jun 2026 (14:05 UTC)
https://gamedravo.com/sitemap.xml,https://gamedravo.com/games/gamepix-rabbit-samurai-2,13 Jun 2026 (14:05 UTC)
https://gamedravo.com/sitemap.xml,https://gamedravo.com/games/gamepix-racing-ball-3d,13 Jun 2026 (14:05 UTC)
https://gamedravo.com/sitemap.xml,https://gamedravo.com/games/gamepix-ragdoll-mega-dunk,13 Jun 2026 (14:05 UTC)
https://gamedravo.com/sitemap.xml,https://gamedravo.com/games/gamepix-ramp-racing,13 Jun 2026 (14:05 UTC)
https://gamedravo.com/sitemap.xml,https://gamedravo.com/games/gamepix-ran-and-jump-jambo-runner,13 Jun 2026 (14:05 UTC)
https://gamedravo.com/sitemap.xml,https://gamedravo.com/games/gamepix-red-and-blue-stickman-huggy,13 Jun 2026 (14:05 UTC)
https://gamedravo.com/sitemap.xml,https://gamedravo.com/games/gamepix-red-and-blue-stickman-rope,13 Jun 2026 (14:05 UTC)
https://gamedravo.com/sitemap.xml,https://gamedravo.com/games/gamepix-tiny-chick,13 Jun 2026 (14:05 UTC)
https://gamedravo.com/sitemap.xml,https://gamedravo.com/games/gamepix-red-stickman-vs-monster-school,13 Jun 2026 (14:05 UTC)
https://gamedravo.com/sitemap.xml,https://gamedravo.com/games/gamepix-reindeer-escape,13 Jun 2026 (14:05 UTC)
https://gamedravo.com/sitemap.xml,https://gamedravo.com/games/gamepix-retro-basketball,13 Jun 2026 (14:05 UTC)
https://gamedravo.com/sitemap.xml,https://gamedravo.com/games/gamepix-ringo-starfish,13 Jun 2026 (14:05 UTC)
https://gamedravo.com/sitemap.xml,https://gamedravo.com/games/gamepix-road-designer,13 Jun 2026 (14:05 UTC)
https://gamedravo.com/sitemap.xml,https://gamedravo.com/games/gamepix-road-madness,13 Jun 2026 (14:05 UTC)
https://gamedravo.com/sitemap.xml,https://gamedravo.com/games/gamepix-robo-butcher,13 Jun 2026 (14:05 UTC)
https://gamedravo.com/sitemap.xml,https://gamedravo.com/games/gamepix-robot-attacks,13 Jun 2026 (14:05 UTC)
https://gamedravo.com/sitemap.xml,https://gamedravo.com/games/gamepix-robot-band,13 Jun 2026 (14:05 UTC)
https://gamedravo.com/sitemap.xml,https://gamedravo.com/games/gamepix-robot-band-find-the-differences,13 Jun 2026 (14:05 UTC)
https://gamedravo.com/sitemap.xml,https://gamedravo.com/games/gamepix-robot-bar-find-the-differences,13 Jun 2026 (14:05 UTC)
https://gamedravo.com/sitemap.xml,https://gamedravo.com/games/gamepix-robot-police-iron-panther,13 Jun 2026 (14:05 UTC)
https://gamedravo.com/sitemap.xml,https://gamedravo.com/games/speedrun-parkour,13 Jun 2026 (11:42 UTC)
https://gamedravo.com/sitemap.xml,https://gamedravo.com/games/run-freezenova,13 Jun 2026 (11:42 UTC)
https://gamedravo.com/sitemap.xml,https://gamedravo.com/games/sailor-chic-vs-pirate-charm,13 Jun 2026 (11:42 UTC)
https://gamedravo.com/sitemap.xml,https://gamedravo.com/games/secret-sniper-agent,13 Jun 2026 (11:42 UTC)
https://gamedravo.com/sitemap.xml,https://gamedravo.com/games/shortcut-race,13 Jun 2026 (11:42 UTC)
https://gamedravo.com/sitemap.xml,https://gamedravo.com/games/skateboard-marathon,13 Jun 2026 (11:42 UTC)
https://gamedravo.com/sitemap.xml,https://gamedravo.com/games/skibidi-toilet-io,13 Jun 2026 (11:42 UTC)
https://gamedravo.com/sitemap.xml,https://gamedravo.com/games/snake-football,13 Jun 2026 (11:42 UTC)
https://gamedravo.com/sitemap.xml,https://gamedravo.com/games/snake-wars,13 Jun 2026 (11:42 UTC)
https://gamedravo.com/sitemap.xml,https://gamedravo.com/games/snaker-io,13 Jun 2026 (11:42 UTC)
https://gamedravo.com/sitemap.xml,https://gamedravo.com/games/sniper-elite,13 Jun 2026 (11:42 UTC)
https://gamedravo.com/sitemap.xml,https://gamedravo.com/games/solitaire-adventure,13 Jun 2026 (11:42 UTC)
https://gamedravo.com/sitemap.xml,https://gamedravo.com/games/soul-essence-adventure,13 Jun 2026 (11:42 UTC)
https://gamedravo.com/sitemap.xml,https://gamedravo.com/games/speed-drift-racing,13 Jun 2026 (11:42 UTC)
https://gamedravo.com/sitemap.xml,https://gamedravo.com/games/run-3-space,13 Jun 2026 (11:42 UTC)
https://gamedravo.com/sitemap.xml,https://gamedravo.com/games/squid-race-simulator,13 Jun 2026 (11:42 UTC)
https://gamedravo.com/sitemap.xml,https://gamedravo.com/games/stack-fire-ball,13 Jun 2026 (11:42 UTC)
https://gamedravo.com/sitemap.xml,https://gamedravo.com/games/state-io-wars,13 Jun 2026 (11:42 UTC)
https://gamedravo.com/sitemap.xml,https://gamedravo.com/games/steal-brainrot-heist,13 Jun 2026 (11:42 UTC)
https://gamedravo.com/sitemap.xml,https://gamedravo.com/games/stick-guys-defense,13 Jun 2026 (11:42 UTC)
https://gamedravo.com/sitemap.xml,https://gamedravo.com/games/stickman-destruction,13 Jun 2026 (11:42 UTC)
https://gamedravo.com/sitemap.xml,https://gamedravo.com/games/storm-city-mafia,13 Jun 2026 (11:42 UTC)
https://gamedravo.com/sitemap.xml,https://gamedravo.com/games/strawberry-shortcake-kiz10,13 Jun 2026 (11:42 UTC)
https://gamedravo.com/sitemap.xml,https://gamedravo.com/games/stunt-rider,13 Jun 2026 (11:42 UTC)
https://gamedravo.com/sitemap.xml,https://gamedravo.com/games/stunt-simulator-2,13 Jun 2026 (11:42 UTC)
https://gamedravo.com/sitemap.xml,https://gamedravo.com/games/subway-idle-3d,13 Jun 2026 (11:42 UTC)
https://gamedravo.com/sitemap.xml,https://gamedravo.com/games/super-mini-racing,13 Jun 2026 (11:42 UTC)
https://gamedravo.com/sitemap.xml,https://gamedravo.com/games/supercars-drift,13 Jun 2026 (11:42 UTC)
https://gamedravo.com/sitemap.xml,https://gamedravo.com/games/police-traffic,13 Jun 2026 (11:42 UTC)
https://gamedravo.com/sitemap.xml,https://gamedravo.com/games/my-little-pony-shoes-designer,13 Jun 2026 (11:42 UTC)
https://gamedravo.com/sitemap.xml,https://gamedravo.com/games/neon-racer,13 Jun 2026 (11:42 UTC)
https://gamedravo.com/sitemap.xml,https://gamedravo.com/games/nova-billiard,13 Jun 2026 (11:42 UTC)
https://gamedravo.com/sitemap.xml,https://gamedravo.com/games/nova-craft,13 Jun 2026 (11:42 UTC)
https://gamedravo.com/sitemap.xml,https://gamedravo.com/games/ny-fashionista-real-makeover,13 Jun 2026 (11:42 UTC)
https://gamedravo.com/sitemap.xml,https://gamedravo.com/games/offroad-rally,13 Jun 2026 (11:42 UTC)
https://gamedravo.com/sitemap.xml,https://gamedravo.com/games/owl-and-rabbit-fashion,13 Jun 2026 (11:42 UTC)
https://gamedravo.com/sitemap.xml,https://gamedravo.com/games/paradise-girls,13 Jun 2026 (11:42 UTC)
https://gamedravo.com/sitemap.xml,https://gamedravo.com/games/perfect-first-date,13 Jun 2026 (11:42 UTC)
https://gamedravo.com/sitemap.xml,https://gamedravo.com/games/pets-beauty-salon,13 Jun 2026 (11:42 UTC)
https://gamedravo.com/sitemap.xml,https://gamedravo.com/games/pinball-simulator,13 Jun 2026 (11:42 UTC)
https://gamedravo.com/sitemap.xml,https://gamedravo.com/games/pixelmon-town,13 Jun 2026 (11:42 UTC)
https://gamedravo.com/sitemap.xml,https://gamedravo.com/games/police-chase-drifter,13 Jun 2026 (11:42 UTC)
https://gamedravo.com/sitemap.xml,https://gamedravo.com/games/survival-craft,13 Jun 2026 (11:42 UTC)
https://gamedravo.com/sitemap.xml,https://gamedravo.com/games/poop-clicker,13 Jun 2026 (11:42 UTC)
https://gamedravo.com/sitemap.xml,https://gamedravo.com/games/powerslide-kart-simulator,13 Jun 2026 (11:42 UTC)
https://gamedravo.com/sitemap.xml,https://gamedravo.com/games/princess-beauty-salon,13 Jun 2026 (11:42 UTC)
https://gamedravo.com/sitemap.xml,https://gamedravo.com/games/princess-influencer-salon,13 Jun 2026 (11:42 UTC)
https://gamedravo.com/sitemap.xml,https://gamedravo.com/games/princesses-prom-night,13 Jun 2026 (11:42 UTC)
https://gamedravo.com/sitemap.xml,https://gamedravo.com/games/purrfect-bakery,13 Jun 2026 (11:42 UTC)
https://gamedravo.com/sitemap.xml,https://gamedravo.com/games/racing-cars,13 Jun 2026 (11:42 UTC)
https://gamedravo.com/sitemap.xml,https://gamedravo.com/games/racing-cars-2,13 Jun 2026 (11:42 UTC)
https://gamedravo.com/sitemap.xml,https://gamedravo.com/games/real-flight-simulator,13 Jun 2026 (11:42 UTC)
https://gamedravo.com/sitemap.xml,https://gamedravo.com/games/rescue-helicopter,13 Jun 2026 (11:42 UTC)
https://gamedravo.com/sitemap.xml,https://gamedravo.com/games/romantic-secret-kiss,13 Jun 2026 (11:42 UTC)
https://gamedravo.com/sitemap.xml,https://gamedravo.com/games/rome-simulator,13 Jun 2026 (11:42 UTC)
https://gamedravo.com/sitemap.xml,https://gamedravo.com/category/girls,13 Jun 2026 (11:42 UTC)
https://gamedravo.com/sitemap.xml,https://gamedravo.com/games/zombie-war-defense,13 Jun 2026 (11:42 UTC)
https://gamedravo.com/sitemap.xml,https://gamedravo.com/category/1-player,13 Jun 2026 (11:42 UTC)
https://gamedravo.com/sitemap.xml,https://gamedravo.com/category/2-player,13 Jun 2026 (11:42 UTC)
https://gamedravo.com/sitemap.xml,https://gamedravo.com/category/3-player,13 Jun 2026 (11:42 UTC)
https://gamedravo.com/sitemap.xml,https://gamedravo.com/category/4-player,13 Jun 2026 (11:42 UTC)
https://gamedravo.com/sitemap.xml,https://gamedravo.com/category/action,13 Jun 2026 (11:42 UTC)
https://gamedravo.com/sitemap.xml,https://gamedravo.com/category/adventure,13 Jun 2026 (11:42 UTC)
https://gamedravo.com/sitemap.xml,https://gamedravo.com/category/arcade,13 Jun 2026 (11:42 UTC)
https://gamedravo.com/sitemap.xml,https://gamedravo.com/category/best-on-mobile,13 Jun 2026 (11:42 UTC)
https://gamedravo.com/sitemap.xml,https://gamedravo.com/category/card,13 Jun 2026 (11:42 UTC)
https://gamedravo.com/sitemap.xml,https://gamedravo.com/category/casual,13 Jun 2026 (11:42 UTC)
https://gamedravo.com/sitemap.xml,https://gamedravo.com/category/educational,13 Jun 2026 (11:42 UTC)
https://gamedravo.com/sitemap.xml,https://gamedravo.com/category/fighting,13 Jun 2026 (11:42 UTC)
https://gamedravo.com/sitemap.xml,https://gamedravo.com/games/zombie-sniper,13 Jun 2026 (11:42 UTC)
https://gamedravo.com/sitemap.xml,https://gamedravo.com/category/horror,13 Jun 2026 (11:42 UTC)
https://gamedravo.com/sitemap.xml,https://gamedravo.com/category/mobile-games,13 Jun 2026 (11:42 UTC)
https://gamedravo.com/sitemap.xml,https://gamedravo.com/category/multiplayer,13 Jun 2026 (11:42 UTC)
https://gamedravo.com/sitemap.xml,https://gamedravo.com/category/platformer,13 Jun 2026 (11:42 UTC)
https://gamedravo.com/sitemap.xml,https://gamedravo.com/category/puzzle,13 Jun 2026 (11:42 UTC)
https://gamedravo.com/sitemap.xml,https://gamedravo.com/category/racing,13 Jun 2026 (11:42 UTC)
https://gamedravo.com/sitemap.xml,https://gamedravo.com/category/simulator,13 Jun 2026 (11:42 UTC)
https://gamedravo.com/sitemap.xml,https://gamedravo.com/category/sports,13 Jun 2026 (11:42 UTC)
https://gamedravo.com/sitemap.xml,https://gamedravo.com/category/strategy,13 Jun 2026 (11:42 UTC)
https://gamedravo.com/sitemap.xml,https://gamedravo.com/search,13 Jun 2026 (11:42 UTC)
https://gamedravo.com/sitemap.xml,https://gamedravo.com/submit-game,13 Jun 2026 (11:42 UTC)
https://gamedravo.com/sitemap.xml,https://gamedravo.com/support,13 Jun 2026 (11:42 UTC)
https://gamedravo.com/sitemap.xml,https://gamedravo.com/games/truck-simulator-usa-classic,13 Jun 2026 (11:42 UTC)
https://gamedravo.com/sitemap.xml,https://gamedravo.com/games/sweet-sugar-match,13 Jun 2026 (11:42 UTC)
https://gamedravo.com/sitemap.xml,https://gamedravo.com/games/tank-racing,13 Jun 2026 (11:42 UTC)
https://gamedravo.com/sitemap.xml,https://gamedravo.com/games/taxi-simulator,13 Jun 2026 (11:42 UTC)
https://gamedravo.com/sitemap.xml,https://gamedravo.com/games/tekken-3,13 Jun 2026 (11:42 UTC)
https://gamedravo.com/sitemap.xml,https://gamedravo.com/games/the-farmer,13 Jun 2026 (11:42 UTC)
https://gamedravo.com/sitemap.xml,https://gamedravo.com/games/tiny-crash-fighters,13 Jun 2026 (11:42 UTC)
https://gamedravo.com/sitemap.xml,https://gamedravo.com/games/toonz-io,13 Jun 2026 (11:42 UTC)
https://gamedravo.com/sitemap.xml,https://gamedravo.com/games/tractor-farming-simulator,13 Jun 2026 (11:42 UTC)
https://gamedravo.com/sitemap.xml,https://gamedravo.com/games/train-racing,13 Jun 2026 (11:42 UTC)
https://gamedravo.com/sitemap.xml,https://gamedravo.com/games/trains-io,13 Jun 2026 (11:42 UTC)
https://gamedravo.com/sitemap.xml,https://gamedravo.com/games/treasure-hunter,13 Jun 2026 (11:42 UTC)
https://gamedravo.com/sitemap.xml,https://gamedravo.com/games/truck-racing,13 Jun 2026 (11:42 UTC)
https://gamedravo.com/sitemap.xml,https://gamedravo.com/games/truck-simulator-pro-2,13 Jun 2026 (11:42 UTC)
https://gamedravo.com/sitemap.xml,https://gamedravo.com/games/mr-space-bullet,13 Jun 2026 (11:42 UTC)
https://gamedravo.com/sitemap.xml,https://gamedravo.com/games/truckers-of-europe-2,13 Jun 2026 (11:42 UTC)
https://gamedravo.com/sitemap.xml,https://gamedravo.com/games/unicorn-beauty-salon,13 Jun 2026 (11:42 UTC)
https://gamedravo.com/sitemap.xml,https://gamedravo.com/games/urban-sniper,13 Jun 2026 (11:42 UTC)
https://gamedravo.com/sitemap.xml,https://gamedravo.com/games/velocity-rush,13 Jun 2026 (11:42 UTC)
https://gamedravo.com/sitemap.xml,https://gamedravo.com/games/war-of-ships-io,13 Jun 2026 (11:42 UTC)
https://gamedravo.com/sitemap.xml,https://gamedravo.com/games/war-simulator,13 Jun 2026 (11:42 UTC)
https://gamedravo.com/sitemap.xml,https://gamedravo.com/games/wasteland-shooters,13 Jun 2026 (11:42 UTC)
https://gamedravo.com/sitemap.xml,https://gamedravo.com/games/wedding-beauty-salon,13 Jun 2026 (11:42 UTC)
https://gamedravo.com/sitemap.xml,https://gamedravo.com/games/witch-beauty-salon,13 Jun 2026 (11:42 UTC)
https://gamedravo.com/sitemap.xml,https://gamedravo.com/games/xmas-cookie-clicker,13 Jun 2026 (11:42 UTC)
https://gamedravo.com/sitemap.xml,https://gamedravo.com/games/yummy-pancake-factory,13 Jun 2026 (11:42 UTC)
https://gamedravo.com/sitemap.xml,https://gamedravo.com/games/zombie-road,13 Jun 2026 (11:42 UTC)
https://gamedravo.com/sitemap.xml,https://gamedravo.com/games/geometry-rash,13 Jun 2026 (11:42 UTC)
https://gamedravo.com/sitemap.xml,https://gamedravo.com/games/gamepix-world-cup-flag-match,13 Jun 2026 (14:05 UTC)
https://gamedravo.com/sitemap.xml,https://gamedravo.com/games/gamepix-world-of-military-tanks,13 Jun 2026 (14:05 UTC)
https://gamedravo.com/sitemap.xml,https://gamedravo.com/games/gamepix-world-of-wartanks,13 Jun 2026 (14:05 UTC)
https://gamedravo.com/sitemap.xml,https://gamedravo.com/games/gamepix-worm-hunt-snake-game-io-zone,13 Jun 2026 (14:05 UTC)
https://gamedravo.com/sitemap.xml,https://gamedravo.com/games/gamepix-worms-zone,13 Jun 2026 (14:05 UTC)
https://gamedravo.com/sitemap.xml,https://gamedravo.com/games/gamepix-ww1-battle-simulator,13 Jun 2026 (14:05 UTC)
https://gamedravo.com/sitemap.xml,https://gamedravo.com/games/gamepix-ww2-call-of-sniper,13 Jun 2026 (14:05 UTC)
https://gamedravo.com/sitemap.xml,https://gamedravo.com/games/gamepix-yarn-untangled,13 Jun 2026 (14:05 UTC)
https://gamedravo.com/sitemap.xml,https://gamedravo.com/games/gamepix-yummy-toast,13 Jun 2026 (14:05 UTC)
https://gamedravo.com/sitemap.xml,https://gamedravo.com/games/gamepix-zombie-cant-jump,13 Jun 2026 (14:05 UTC)
https://gamedravo.com/sitemap.xml,https://gamedravo.com/games/gamepix-zombie-fortress-defense-empire,13 Jun 2026 (14:05 UTC)
https://gamedravo.com/sitemap.xml,https://gamedravo.com/games/gamepix-zombotron-re-boot,13 Jun 2026 (14:05 UTC)
https://gamedravo.com/sitemap.xml,https://gamedravo.com/games/geometry-dash-freezenova,13 Jun 2026 (11:42 UTC)
https://gamedravo.com/sitemap.xml,https://gamedravo.com/games/gamepix-woods-of-nevia-forest-survival,13 Jun 2026 (14:05 UTC)
https://gamedravo.com/sitemap.xml,https://gamedravo.com/games/geometry-vector,13 Jun 2026 (11:42 UTC)
https://gamedravo.com/sitemap.xml,https://gamedravo.com/games/get-on-top,13 Jun 2026 (11:42 UTC)
https://gamedravo.com/sitemap.xml,https://gamedravo.com/games/golf-bit,13 Jun 2026 (11:42 UTC)
https://gamedravo.com/sitemap.xml,https://gamedravo.com/games/graduation-makeup-trends,13 Jun 2026 (11:42 UTC)
https://gamedravo.com/sitemap.xml,https://gamedravo.com/games/grandma-recipe-apple-pie,13 Jun 2026 (11:42 UTC)
https://gamedravo.com/sitemap.xml,https://gamedravo.com/games/gta-simulator,13 Jun 2026 (11:42 UTC)
https://gamedravo.com/sitemap.xml,https://gamedravo.com/games/guerrillas-io,13 Jun 2026 (11:42 UTC)
https://gamedravo.com/sitemap.xml,https://gamedravo.com/games/head-basketball,13 Jun 2026 (11:42 UTC)
https://gamedravo.com/sitemap.xml,https://gamedravo.com/games/head-soccer-2022,13 Jun 2026 (11:42 UTC)
https://gamedravo.com/sitemap.xml,https://gamedravo.com/games/head-soccer-football,13 Jun 2026 (11:42 UTC)
https://gamedravo.com/sitemap.xml,https://gamedravo.com/games/hero-dragon-power,13 Jun 2026 (11:42 UTC)
https://gamedravo.com/sitemap.xml,https://gamedravo.com/games/hero-rush-tower-defense,13 Jun 2026 (11:42 UTC)
https://gamedravo.com/sitemap.xml,https://gamedravo.com/games/highway-cars,13 Jun 2026 (11:42 UTC)
https://gamedravo.com/sitemap.xml,https://gamedravo.com/games/gamepix-urban-sniper-multiplayer,13 Jun 2026 (14:05 UTC)
https://gamedravo.com/sitemap.xml,https://gamedravo.com/games/gamepix-tiny-tomb,13 Jun 2026 (14:05 UTC)
https://gamedravo.com/sitemap.xml,https://gamedravo.com/games/gamepix-tower-crush,13 Jun 2026 (14:05 UTC)
https://gamedravo.com/sitemap.xml,https://gamedravo.com/games/gamepix-tower-defense,13 Jun 2026 (14:05 UTC)
https://gamedravo.com/sitemap.xml,https://gamedravo.com/games/gamepix-train-drift,13 Jun 2026 (14:05 UTC)
https://gamedravo.com/sitemap.xml,https://gamedravo.com/games/gamepix-transformers-battle-for-the-city,13 Jun 2026 (14:05 UTC)
https://gamedravo.com/sitemap.xml,https://gamedravo.com/games/gamepix-truck-simulator-skibidi-toilet,13 Jun 2026 (14:05 UTC)
https://gamedravo.com/sitemap.xml,https://gamedravo.com/games/gamepix-trz-battleship,13 Jun 2026 (14:05 UTC)
https://gamedravo.com/sitemap.xml,https://gamedravo.com/games/gamepix-tung-tung-sahur-gta-miami,13 Jun 2026 (14:05 UTC)
https://gamedravo.com/sitemap.xml,https://gamedravo.com/games/gamepix-turbo-dismounting,13 Jun 2026 (14:05 UTC)
https://gamedravo.com/sitemap.xml,https://gamedravo.com/games/gamepix-twining-color-switch-game,13 Jun 2026 (14:05 UTC)
https://gamedravo.com/sitemap.xml,https://gamedravo.com/games/gamepix-two-cups,13 Jun 2026 (14:05 UTC)
https://gamedravo.com/sitemap.xml,https://gamedravo.com/games/gamepix-ultimate-flying-car,13 Jun 2026 (14:05 UTC)
https://gamedravo.com/sitemap.xml,https://gamedravo.com/games/gamepix-undisputed-mma,13 Jun 2026 (14:05 UTC)
https://gamedravo.com/sitemap.xml,https://gamedravo.com/games/highway-racer-2,13 Jun 2026 (11:42 UTC)
https://gamedravo.com/sitemap.xml,https://gamedravo.com/games/gamepix-urban-sniper-multiplayer-2,13 Jun 2026 (14:05 UTC)
https://gamedravo.com/sitemap.xml,https://gamedravo.com/games/gamepix-val-d-agri-race,13 Jun 2026 (14:05 UTC)
https://gamedravo.com/sitemap.xml,https://gamedravo.com/games/gamepix-vangers,13 Jun 2026 (14:05 UTC)
https://gamedravo.com/sitemap.xml,https://gamedravo.com/games/gamepix-vexon,13 Jun 2026 (14:05 UTC)
https://gamedravo.com/sitemap.xml,https://gamedravo.com/games/gamepix-war-of-tanks-3d,13 Jun 2026 (14:05 UTC)
https://gamedravo.com/sitemap.xml,https://gamedravo.com/games/gamepix-war-the-knights,13 Jun 2026 (14:05 UTC)
https://gamedravo.com/sitemap.xml,https://gamedravo.com/games/gamepix-warfare-1942-online-shooter,13 Jun 2026 (14:05 UTC)
https://gamedravo.com/sitemap.xml,https://gamedravo.com/games/gamepix-watermelon-merging,13 Jun 2026 (14:05 UTC)
https://gamedravo.com/sitemap.xml,https://gamedravo.com/games/gamepix-waterpark-slide-race,13 Jun 2026 (14:05 UTC)
https://gamedravo.com/sitemap.xml,https://gamedravo.com/games/gamepix-wear-the-helmet,13 Jun 2026 (14:05 UTC)
https://gamedravo.com/sitemap.xml,https://gamedravo.com/games/gamepix-wild-hunting-clash,13 Jun 2026 (14:05 UTC)
https://gamedravo.com/sitemap.xml,https://gamedravo.com/games/gamepix-wild-west-mafia-redemption-gun,13 Jun 2026 (14:05 UTC)
https://gamedravo.com/sitemap.xml,https://gamedravo.com/games/mkd-short-ride,13 Jun 2026 (11:42 UTC)
https://gamedravo.com/sitemap.xml,https://gamedravo.com/games/mech-shooter,13 Jun 2026 (11:42 UTC)
https://gamedravo.com/sitemap.xml,https://gamedravo.com/games/mini-shooters,13 Jun 2026 (11:42 UTC)
https://gamedravo.com/sitemap.xml,https://gamedravo.com/games/mkd-airplane-flight-simulator-evo,13 Jun 2026 (11:42 UTC)
https://gamedravo.com/sitemap.xml,https://gamedravo.com/games/mkd-beat-the-boss-2,13 Jun 2026 (11:42 UTC)
https://gamedravo.com/sitemap.xml,https://gamedravo.com/games/mkd-beat-the-boss-4,13 Jun 2026 (11:42 UTC)
https://gamedravo.com/sitemap.xml,https://gamedravo.com/games/mkd-car-racing-realistic,13 Jun 2026 (11:42 UTC)
https://gamedravo.com/sitemap.xml,https://gamedravo.com/games/mkd-cargo-truck-simulator,13 Jun 2026 (11:42 UTC)
https://gamedravo.com/sitemap.xml,https://gamedravo.com/games/mkd-granny,13 Jun 2026 (11:42 UTC)
https://gamedravo.com/sitemap.xml,https://gamedravo.com/games/mkd-last-day-on-earth-survival,13 Jun 2026 (11:42 UTC)
https://gamedravo.com/sitemap.xml,https://gamedravo.com/games/mkd-monster-truck-go,13 Jun 2026 (11:42 UTC)
https://gamedravo.com/sitemap.xml,https://gamedravo.com/games/mkd-mountain-climb-4x4,13 Jun 2026 (11:42 UTC)
https://gamedravo.com/sitemap.xml,https://gamedravo.com/games/mkd-offroad-outlaws,13 Jun 2026 (11:42 UTC)
https://gamedravo.com/sitemap.xml,https://gamedravo.com/games/mkd-pegidle,13 Jun 2026 (11:42 UTC)
https://gamedravo.com/sitemap.xml,https://gamedravo.com/games/masked-special-forces,13 Jun 2026 (11:42 UTC)
https://gamedravo.com/sitemap.xml,https://gamedravo.com/games/mkd-smashy-road-wanted,13 Jun 2026 (11:42 UTC)
https://gamedravo.com/sitemap.xml,https://gamedravo.com/games/mkd-squad-shooter,13 Jun 2026 (11:42 UTC)
https://gamedravo.com/sitemap.xml,https://gamedravo.com/games/mkd-stick-war-legacy,13 Jun 2026 (11:42 UTC)
https://gamedravo.com/sitemap.xml,https://gamedravo.com/games/mkd-stickman-destruction-3,13 Jun 2026 (11:42 UTC)
https://gamedravo.com/sitemap.xml,https://gamedravo.com/games/mkd-stickman-world-battle,13 Jun 2026 (11:42 UTC)
https://gamedravo.com/sitemap.xml,https://gamedravo.com/games/mkd-traffic-rider,13 Jun 2026 (11:42 UTC)
https://gamedravo.com/sitemap.xml,https://gamedravo.com/games/mkd-ultimate-car-driving-simulator,13 Jun 2026 (11:42 UTC)
https://gamedravo.com/sitemap.xml,https://gamedravo.com/games/mob-city,13 Jun 2026 (11:42 UTC)
https://gamedravo.com/sitemap.xml,https://gamedravo.com/games/monster-truck-city-parking,13 Jun 2026 (11:42 UTC)
https://gamedravo.com/sitemap.xml,https://gamedravo.com/games/monster-truck-racing,13 Jun 2026 (11:42 UTC)
https://gamedravo.com/sitemap.xml,https://gamedravo.com/games/moto-trials,13 Jun 2026 (11:42 UTC)
https://gamedravo.com/sitemap.xml,https://gamedravo.com/games/motorbike-traffic,13 Jun 2026 (11:42 UTC)
https://gamedravo.com/sitemap.xml,https://gamedravo.com/games/jungle-mart,13 Jun 2026 (11:42 UTC)
https://gamedravo.com/sitemap.xml,https://gamedravo.com/games/highway-racer-pro,13 Jun 2026 (11:42 UTC)
https://gamedravo.com/sitemap.xml,https://gamedravo.com/games/highway-traffic,13 Jun 2026 (11:42 UTC)
https://gamedravo.com/sitemap.xml,https://gamedravo.com/games/hill-climb-cars,13 Jun 2026 (11:42 UTC)
https://gamedravo.com/sitemap.xml,https://gamedravo.com/games/hole-arena,13 Jun 2026 (11:42 UTC)
https://gamedravo.com/sitemap.xml,https://gamedravo.com/games/holeio,13 Jun 2026 (11:42 UTC)
https://gamedravo.com/sitemap.xml,https://gamedravo.com/games/hook-wars,13 Jun 2026 (11:42 UTC)
https://gamedravo.com/sitemap.xml,https://gamedravo.com/games/hover-racer,13 Jun 2026 (11:42 UTC)
https://gamedravo.com/sitemap.xml,https://gamedravo.com/games/hover-racer-pro,13 Jun 2026 (11:42 UTC)
https://gamedravo.com/sitemap.xml,https://gamedravo.com/games/idle-dev-startup,13 Jun 2026 (11:42 UTC)
https://gamedravo.com/sitemap.xml,https://gamedravo.com/games/idle-restaurant,13 Jun 2026 (11:42 UTC)
https://gamedravo.com/sitemap.xml,https://gamedravo.com/games/idle-restaurant-tycoon,13 Jun 2026 (11:42 UTC)
https://gamedravo.com/sitemap.xml,https://gamedravo.com/games/jacks-village,13 Jun 2026 (11:42 UTC)
https://gamedravo.com/sitemap.xml,https://gamedravo.com/games/jeep-racing,13 Jun 2026 (11:42 UTC)
https://gamedravo.com/sitemap.xml,https://gamedravo.com/games/gamepix-mr-santa-run-2,13 Jun 2026 (14:05 UTC)
https://gamedravo.com/sitemap.xml,https://gamedravo.com/games/k-pop-hunter-halloween-fashion,13 Jun 2026 (11:42 UTC)
https://gamedravo.com/sitemap.xml,https://gamedravo.com/games/kick-the-dummy,13 Jun 2026 (11:42 UTC)
https://gamedravo.com/sitemap.xml,https://gamedravo.com/games/kick-the-zombie,13 Jun 2026 (11:42 UTC)
https://gamedravo.com/sitemap.xml,https://gamedravo.com/games/kingdom-attack,13 Jun 2026 (11:42 UTC)
https://gamedravo.com/sitemap.xml,https://gamedravo.com/games/legendary-sniper,13 Jun 2026 (11:42 UTC)
https://gamedravo.com/sitemap.xml,https://gamedravo.com/games/legends-arena,13 Jun 2026 (11:42 UTC)
https://gamedravo.com/sitemap.xml,https://gamedravo.com/games/limousine-simulator,13 Jun 2026 (11:42 UTC)
https://gamedravo.com/sitemap.xml,https://gamedravo.com/games/lol-surprise-omg-style-studio,13 Jun 2026 (11:42 UTC)
https://gamedravo.com/sitemap.xml,https://gamedravo.com/games/love-tester,13 Jun 2026 (11:42 UTC)
https://gamedravo.com/sitemap.xml,https://gamedravo.com/games/mad-doctor,13 Jun 2026 (11:42 UTC)
https://gamedravo.com/sitemap.xml,https://gamedravo.com/games/madalin-stunt-cars-pro,13 Jun 2026 (11:42 UTC)
https://gamedravo.com/sitemap.xml,https://gamedravo.com/games/masked-forces-zombie-survival,13 Jun 2026 (11:42 UTC)
https://gamedravo.com/sitemap.xml,https://gamedravo.com/games/gamepix-beach-bowling-3d,13 Jun 2026 (14:05 UTC)
https://gamedravo.com/sitemap.xml,https://gamedravo.com/games/gamepix-badland,13 Jun 2026 (14:05 UTC)
https://gamedravo.com/sitemap.xml,https://gamedravo.com/games/gamepix-basket-battle-1,13 Jun 2026 (14:05 UTC)
https://gamedravo.com/sitemap.xml,https://gamedravo.com/games/gamepix-basket-champs,13 Jun 2026 (14:05 UTC)
https://gamedravo.com/sitemap.xml,https://gamedravo.com/games/gamepix-basketball-beans,13 Jun 2026 (14:05 UTC)
https://gamedravo.com/sitemap.xml,https://gamedravo.com/games/gamepix-basketball-masters,13 Jun 2026 (14:05 UTC)
https://gamedravo.com/sitemap.xml,https://gamedravo.com/games/gamepix-basketball-stars,13 Jun 2026 (14:05 UTC)
https://gamedravo.com/sitemap.xml,https://gamedravo.com/games/gamepix-basketballs-school,13 Jun 2026 (14:05 UTC)
https://gamedravo.com/sitemap.xml,https://gamedravo.com/games/gamepix-battboy-adventure,13 Jun 2026 (14:05 UTC)
https://gamedravo.com/sitemap.xml,https://gamedravo.com/games/gamepix-battle-of-tank-steel,13 Jun 2026 (14:05 UTC)
https://gamedravo.com/sitemap.xml,https://gamedravo.com/games/gamepix-battle-shot-elite,13 Jun 2026 (14:05 UTC)
https://gamedravo.com/sitemap.xml,https://gamedravo.com/games/gamepix-battle-simulator-sandbox,13 Jun 2026 (14:05 UTC)
https://gamedravo.com/sitemap.xml,https://gamedravo.com/games/gamepix-battlebox,13 Jun 2026 (14:05 UTC)
https://gamedravo.com/sitemap.xml,https://gamedravo.com/games/gamepix-battleops,13 Jun 2026 (14:05 UTC)
https://gamedravo.com/sitemap.xml,https://gamedravo.com/games/gamepix-bad-cat-simulator-pet-game,13 Jun 2026 (14:05 UTC)
https://gamedravo.com/sitemap.xml,https://gamedravo.com/games/gamepix-bee-careful,13 Jun 2026 (14:05 UTC)
https://gamedravo.com/sitemap.xml,https://gamedravo.com/games/gamepix-bff-christmas-cookie-challeng,13 Jun 2026 (14:05 UTC)
https://gamedravo.com/sitemap.xml,https://gamedravo.com/games/gamepix-bff-stylish-off-shoulder-outfits,13 Jun 2026 (14:05 UTC)
https://gamedravo.com/sitemap.xml,https://gamedravo.com/games/gamepix-big-shark,13 Jun 2026 (14:05 UTC)
https://gamedravo.com/sitemap.xml,https://gamedravo.com/games/gamepix-black-hole-attack,13 Jun 2026 (14:05 UTC)
https://gamedravo.com/sitemap.xml,https://gamedravo.com/games/gamepix-blindbat,13 Jun 2026 (14:05 UTC)
https://gamedravo.com/sitemap.xml,https://gamedravo.com/games/gamepix-blob-wars,13 Jun 2026 (14:05 UTC)
https://gamedravo.com/sitemap.xml,https://gamedravo.com/games/gamepix-block-breaker-game,13 Jun 2026 (14:05 UTC)
https://gamedravo.com/sitemap.xml,https://gamedravo.com/games/gamepix-block-puzzle-jewel,13 Jun 2026 (14:05 UTC)
https://gamedravo.com/sitemap.xml,https://gamedravo.com/games/gamepix-block-vs-block-ii,13 Jun 2026 (14:05 UTC)
https://gamedravo.com/sitemap.xml,https://gamedravo.com/games/gamepix-blocks-puzzle,13 Jun 2026 (14:05 UTC)
https://gamedravo.com/sitemap.xml,https://gamedravo.com/games/gamepix-bmg-crashday-2025,13 Jun 2026 (14:05 UTC)
https://gamedravo.com/sitemap.xml,https://gamedravo.com/games/gamepix-body-drop-3d,13 Jun 2026 (14:05 UTC)
https://gamedravo.com/sitemap.xml,https://gamedravo.com/games/gamepix-army-guns-collector,13 Jun 2026 (14:05 UTC)
https://gamedravo.com/sitemap.xml,https://gamedravo.com/games/gamepix-alien-bubbles,13 Jun 2026 (14:05 UTC)
https://gamedravo.com/sitemap.xml,https://gamedravo.com/games/gamepix-alien-shooter,13 Jun 2026 (14:05 UTC)
https://gamedravo.com/sitemap.xml,https://gamedravo.com/games/gamepix-alpha-guns,13 Jun 2026 (14:05 UTC)
https://gamedravo.com/sitemap.xml,https://gamedravo.com/games/gamepix-amaze-escape,13 Jun 2026 (14:05 UTC)
https://gamedravo.com/sitemap.xml,https://gamedravo.com/games/gamepix-among-at-easter,13 Jun 2026 (14:05 UTC)
https://gamedravo.com/sitemap.xml,https://gamedravo.com/games/gamepix-among-us,13 Jun 2026 (14:05 UTC)
https://gamedravo.com/sitemap.xml,https://gamedravo.com/games/gamepix-angry-gran,13 Jun 2026 (14:05 UTC)
https://gamedravo.com/sitemap.xml,https://gamedravo.com/games/gamepix-angry-sharks,13 Jun 2026 (14:05 UTC)
https://gamedravo.com/sitemap.xml,https://gamedravo.com/games/gamepix-anime-couple-dress-up,13 Jun 2026 (14:05 UTC)
https://gamedravo.com/sitemap.xml,https://gamedravo.com/games/gamepix-ant-colony,13 Jun 2026 (14:05 UTC)
https://gamedravo.com/sitemap.xml,https://gamedravo.com/games/gamepix-aquapark-surfer-race-1,13 Jun 2026 (14:05 UTC)
https://gamedravo.com/sitemap.xml,https://gamedravo.com/games/gamepix-archer-2023,13 Jun 2026 (14:05 UTC)
https://gamedravo.com/sitemap.xml,https://gamedravo.com/games/gamepix-army-force-war,13 Jun 2026 (14:05 UTC)
https://gamedravo.com/sitemap.xml,https://gamedravo.com/games/gamepix-bodybuilder-karate-fighting,13 Jun 2026 (14:05 UTC)
https://gamedravo.com/sitemap.xml,https://gamedravo.com/games/gamepix-awareness-game-the-robot-bar,13 Jun 2026 (14:05 UTC)
https://gamedravo.com/sitemap.xml,https://gamedravo.com/games/gamepix-ayla-world-avatar-city,13 Jun 2026 (14:05 UTC)
https://gamedravo.com/sitemap.xml,https://gamedravo.com/games/gamepix-babel-tower,13 Jun 2026 (14:05 UTC)
https://gamedravo.com/sitemap.xml,https://gamedravo.com/games/gamepix-baby-bear,13 Jun 2026 (14:05 UTC)
https://gamedravo.com/sitemap.xml,https://gamedravo.com/games/gamepix-baby-chicco-adventures,13 Jun 2026 (14:05 UTC)
https://gamedravo.com/sitemap.xml,https://gamedravo.com/games/gamepix-baby-hazel-annual-day,13 Jun 2026 (14:05 UTC)
https://gamedravo.com/sitemap.xml,https://gamedravo.com/games/gamepix-baby-hazel-at-beach,13 Jun 2026 (14:05 UTC)
https://gamedravo.com/sitemap.xml,https://gamedravo.com/games/gamepix-baby-hazel-backyard-party,13 Jun 2026 (14:05 UTC)
https://gamedravo.com/sitemap.xml,https://gamedravo.com/games/gamepix-baby-hazel-ballerina-dance,13 Jun 2026 (14:05 UTC)
https://gamedravo.com/sitemap.xml,https://gamedravo.com/games/gamepix-baby-hazel-bed-time,13 Jun 2026 (14:05 UTC)
https://gamedravo.com/sitemap.xml,https://gamedravo.com/games/gamepix-baby-hazel-fun-time,13 Jun 2026 (14:05 UTC)
https://gamedravo.com/sitemap.xml,https://gamedravo.com/games/gamepix-baby-panda-care,13 Jun 2026 (14:05 UTC)
https://gamedravo.com/sitemap.xml,https://gamedravo.com/games/gamepix-colored-water-and-pin,13 Jun 2026 (14:05 UTC)
https://gamedravo.com/sitemap.xml,https://gamedravo.com/games/gamepix-cat-clicker,13 Jun 2026 (14:05 UTC)
https://gamedravo.com/sitemap.xml,https://gamedravo.com/games/gamepix-cat-evolution,13 Jun 2026 (14:05 UTC)
https://gamedravo.com/sitemap.xml,https://gamedravo.com/games/gamepix-cat-lovescapes,13 Jun 2026 (14:05 UTC)
https://gamedravo.com/sitemap.xml,https://gamedravo.com/games/gamepix-catch-huggy-wuggy,13 Jun 2026 (14:05 UTC)
https://gamedravo.com/sitemap.xml,https://gamedravo.com/games/gamepix-cave-miner,13 Jun 2026 (14:05 UTC)
https://gamedravo.com/sitemap.xml,https://gamedravo.com/games/gamepix-cerkio,13 Jun 2026 (14:05 UTC)
https://gamedravo.com/sitemap.xml,https://gamedravo.com/games/gamepix-chasinghunters,13 Jun 2026 (14:05 UTC)
https://gamedravo.com/sitemap.xml,https://gamedravo.com/games/gamepix-cheese-collector-rat-runner,13 Jun 2026 (14:05 UTC)
https://gamedravo.com/sitemap.xml,https://gamedravo.com/games/gamepix-choco-ball-draw-line-and-happy-girl,13 Jun 2026 (14:05 UTC)
https://gamedravo.com/sitemap.xml,https://gamedravo.com/games/gamepix-christmas-gift-unlock,13 Jun 2026 (14:05 UTC)
https://gamedravo.com/sitemap.xml,https://gamedravo.com/games/gamepix-clash-of-kingdom,13 Jun 2026 (14:05 UTC)
https://gamedravo.com/sitemap.xml,https://gamedravo.com/games/gamepix-color-race-obby,13 Jun 2026 (14:05 UTC)
https://gamedravo.com/sitemap.xml,https://gamedravo.com/games/gamepix-color-snake-3d-online-1,13 Jun 2026 (14:05 UTC)
https://gamedravo.com/sitemap.xml,https://gamedravo.com/games/gamepix-castel-war-3d,13 Jun 2026 (14:05 UTC)
https://gamedravo.com/sitemap.xml,https://gamedravo.com/games/gamepix-commando-force-2,13 Jun 2026 (14:05 UTC)
https://gamedravo.com/sitemap.xml,https://gamedravo.com/games/gamepix-cooking-match,13 Jun 2026 (14:05 UTC)
https://gamedravo.com/sitemap.xml,https://gamedravo.com/games/gamepix-counter-stickman,13 Jun 2026 (14:05 UTC)
https://gamedravo.com/sitemap.xml,https://gamedravo.com/games/gamepix-courageous-sniper,13 Jun 2026 (14:05 UTC)
https://gamedravo.com/sitemap.xml,https://gamedravo.com/games/gamepix-crash-glass-boom,13 Jun 2026 (14:05 UTC)
https://gamedravo.com/sitemap.xml,https://gamedravo.com/games/gamepix-crazy-plane-shooter,13 Jun 2026 (14:05 UTC)
https://gamedravo.com/sitemap.xml,https://gamedravo.com/games/gamepix-creative-puzzle,13 Jun 2026 (14:05 UTC)
https://gamedravo.com/sitemap.xml,https://gamedravo.com/games/gamepix-cubetopia-parkour,13 Jun 2026 (14:05 UTC)
https://gamedravo.com/sitemap.xml,https://gamedravo.com/games/gamepix-cut-the-rope,13 Jun 2026 (14:05 UTC)
https://gamedravo.com/sitemap.xml,https://gamedravo.com/games/gamepix-cut-the-rope-2,13 Jun 2026 (14:05 UTC)
https://gamedravo.com/sitemap.xml,https://gamedravo.com/games/gamepix-cut-the-rope-experiments,13 Jun 2026 (14:05 UTC)
https://gamedravo.com/sitemap.xml,https://gamedravo.com/games/gamepix-cut-the-rope-magic,13 Jun 2026 (14:05 UTC)
https://gamedravo.com/sitemap.xml,https://gamedravo.com/games/gamepix-buba-jumpe,13 Jun 2026 (14:05 UTC)
https://gamedravo.com/sitemap.xml,https://gamedravo.com/games/gamepix-boing-bang,13 Jun 2026 (14:05 UTC)
https://gamedravo.com/sitemap.xml,https://gamedravo.com/games/gamepix-bois-d-arc,13 Jun 2026 (14:05 UTC)
https://gamedravo.com/sitemap.xml,https://gamedravo.com/games/gamepix-bomber-friends,13 Jun 2026 (14:05 UTC)
https://gamedravo.com/sitemap.xml,https://gamedravo.com/games/gamepix-border-battleground,13 Jun 2026 (14:05 UTC)
https://gamedravo.com/sitemap.xml,https://gamedravo.com/games/gamepix-boss-level-pumpkin-madness,13 Jun 2026 (14:05 UTC)
https://gamedravo.com/sitemap.xml,https://gamedravo.com/games/gamepix-bounce-ball-hook,13 Jun 2026 (14:05 UTC)
https://gamedravo.com/sitemap.xml,https://gamedravo.com/games/gamepix-bouncing-bug,13 Jun 2026 (14:05 UTC)
https://gamedravo.com/sitemap.xml,https://gamedravo.com/games/gamepix-bouncing-egg,13 Jun 2026 (14:05 UTC)
https://gamedravo.com/sitemap.xml,https://gamedravo.com/games/gamepix-bouncy-dunk,13 Jun 2026 (14:05 UTC)
https://gamedravo.com/sitemap.xml,https://gamedravo.com/games/gamepix-box-playground-punch-it,13 Jun 2026 (14:05 UTC)
https://gamedravo.com/sitemap.xml,https://gamedravo.com/games/gamepix-boxing-stars,13 Jun 2026 (14:05 UTC)
https://gamedravo.com/sitemap.xml,https://gamedravo.com/games/gamepix-breakit,13 Jun 2026 (14:05 UTC)
https://gamedravo.com/sitemap.xml,https://gamedravo.com/games/gamepix-brickblaze,13 Jun 2026 (14:05 UTC)
https://gamedravo.com/sitemap.xml,https://gamedravo.com/games/gamepix-airplane-pilot-simulator,13 Jun 2026 (14:05 UTC)
https://gamedravo.com/sitemap.xml,https://gamedravo.com/games/gamepix-bunny-stack-jump,13 Jun 2026 (14:05 UTC)
https://gamedravo.com/sitemap.xml,https://gamedravo.com/games/gamepix-bus-driver-simulator-3d,13 Jun 2026 (14:05 UTC)
https://gamedravo.com/sitemap.xml,https://gamedravo.com/games/gamepix-butterfly-dash,13 Jun 2026 (14:05 UTC)
https://gamedravo.com/sitemap.xml,https://gamedravo.com/games/gamepix-butterfly-matching,13 Jun 2026 (14:05 UTC)
https://gamedravo.com/sitemap.xml,https://gamedravo.com/games/gamepix-cake-shop-cafe-pastries-waffles-cooking-game,13 Jun 2026 (14:05 UTC)
https://gamedravo.com/sitemap.xml,https://gamedravo.com/games/gamepix-call-of-modern-world-war,13 Jun 2026 (14:05 UTC)
https://gamedravo.com/sitemap.xml,https://gamedravo.com/games/gamepix-candy-clicker-2,13 Jun 2026 (14:05 UTC)
https://gamedravo.com/sitemap.xml,https://gamedravo.com/games/gamepix-candy-crush-eggs-blast-game-eggs-link-puzzle,13 Jun 2026 (14:05 UTC)
https://gamedravo.com/sitemap.xml,https://gamedravo.com/games/gamepix-candy-match-saga-2,13 Jun 2026 (14:05 UTC)
https://gamedravo.com/sitemap.xml,https://gamedravo.com/games/gamepix-canjump,13 Jun 2026 (14:05 UTC)
https://gamedravo.com/sitemap.xml,https://gamedravo.com/games/gamepix-car-crash-test,13 Jun 2026 (14:05 UTC)
https://gamedravo.com/sitemap.xml,https://gamedravo.com/games/gamepix-case-opener-case-clicking-simulator,13 Jun 2026 (14:05 UTC)
https://gamedravo.com/sitemap.xml,https://gamedravo.com/games/coach-bus-simulator-17,13 Jun 2026 (11:42 UTC)
https://gamedravo.com/sitemap.xml,https://gamedravo.com/games/blocky-parkour-ninja,13 Jun 2026 (11:42 UTC)
https://gamedravo.com/sitemap.xml,https://gamedravo.com/games/burnout-drift-hunter,13 Jun 2026 (11:42 UTC)
https://gamedravo.com/sitemap.xml,https://gamedravo.com/games/bus-simulator-17,13 Jun 2026 (11:42 UTC)
https://gamedravo.com/sitemap.xml,https://gamedravo.com/games/bus-simulator-pro-2,13 Jun 2026 (11:42 UTC)
https://gamedravo.com/sitemap.xml,https://gamedravo.com/games/bus-simulator-ultimate,13 Jun 2026 (11:42 UTC)
https://gamedravo.com/sitemap.xml,https://gamedravo.com/games/bus-subway-runner,13 Jun 2026 (11:42 UTC)
https://gamedravo.com/sitemap.xml,https://gamedravo.com/games/capybara-clicker-pro,13 Jun 2026 (11:42 UTC)
https://gamedravo.com/sitemap.xml,https://gamedravo.com/games/car-football,13 Jun 2026 (11:42 UTC)
https://gamedravo.com/sitemap.xml,https://gamedravo.com/games/car-wash,13 Jun 2026 (11:42 UTC)
https://gamedravo.com/sitemap.xml,https://gamedravo.com/games/cat-simulator,13 Jun 2026 (11:42 UTC)
https://gamedravo.com/sitemap.xml,https://gamedravo.com/games/celebrity-e-girl-vibes,13 Jun 2026 (11:42 UTC)
https://gamedravo.com/sitemap.xml,https://gamedravo.com/games/city-stunts,13 Jun 2026 (11:42 UTC)
https://gamedravo.com/sitemap.xml,https://gamedravo.com/games/coach-bus-simulator,13 Jun 2026 (11:42 UTC)
https://gamedravo.com/sitemap.xml,https://gamedravo.com/games/blocky-blast,13 Jun 2026 (11:42 UTC)
https://gamedravo.com/sitemap.xml,https://gamedravo.com/games/cobraz-io-classic,13 Jun 2026 (11:42 UTC)
https://gamedravo.com/sitemap.xml,https://gamedravo.com/games/cooking-cafe-food-chef,13 Jun 2026 (11:42 UTC)
https://gamedravo.com/sitemap.xml,https://gamedravo.com/games/cooking-empire,13 Jun 2026 (11:42 UTC)
https://gamedravo.com/sitemap.xml,https://gamedravo.com/games/cooking-festival,13 Jun 2026 (11:42 UTC)
https://gamedravo.com/sitemap.xml,https://gamedravo.com/games/cooking-hut,13 Jun 2026 (11:42 UTC)
https://gamedravo.com/sitemap.xml,https://gamedravo.com/games/crazy-ball-adventures,13 Jun 2026 (11:42 UTC)
https://gamedravo.com/sitemap.xml,https://gamedravo.com/games/crazy-car-arena,13 Jun 2026 (11:42 UTC)
https://gamedravo.com/sitemap.xml,https://gamedravo.com/games/crazy-drifter,13 Jun 2026 (11:42 UTC)
https://gamedravo.com/sitemap.xml,https://gamedravo.com/games/crazy-hill-climb,13 Jun 2026 (11:42 UTC)
https://gamedravo.com/sitemap.xml,https://gamedravo.com/games/crazy-karts,13 Jun 2026 (11:42 UTC)
https://gamedravo.com/sitemap.xml,https://gamedravo.com/games/crazy-parking-fury,13 Jun 2026 (11:42 UTC)
https://gamedravo.com/sitemap.xml,https://gamedravo.com/games/crazy-stickman-physics,13 Jun 2026 (11:42 UTC)
https://gamedravo.com/sitemap.xml,https://gamedravo.com/games/crazy-strike-force,13 Jun 2026 (11:42 UTC)
https://gamedravo.com/sitemap.xml,https://gamedravo.com/games/asmr-beauty-superstar,13 Jun 2026 (11:42 UTC)
https://gamedravo.com/sitemap.xml,https://gamedravo.com/games/8-ball-pool-billiard,13 Jun 2026 (11:42 UTC)
https://gamedravo.com/sitemap.xml,https://gamedravo.com/games/99-nights-in-the-forest,13 Jun 2026 (11:42 UTC)
https://gamedravo.com/sitemap.xml,https://gamedravo.com/games/age-of-battle,13 Jun 2026 (11:42 UTC)
https://gamedravo.com/sitemap.xml,https://gamedravo.com/games/agent-smith,13 Jun 2026 (11:42 UTC)
https://gamedravo.com/sitemap.xml,https://gamedravo.com/games/airplane-racer,13 Jun 2026 (11:42 UTC)
https://gamedravo.com/sitemap.xml,https://gamedravo.com/games/alien-sky-invasion,13 Jun 2026 (11:42 UTC)
https://gamedravo.com/sitemap.xml,https://gamedravo.com/games/american-touchdown,13 Jun 2026 (11:42 UTC)
https://gamedravo.com/sitemap.xml,https://gamedravo.com/games/among-impostor,13 Jun 2026 (11:42 UTC)
https://gamedravo.com/sitemap.xml,https://gamedravo.com/games/angry-birds-space-hd,13 Jun 2026 (11:42 UTC)
https://gamedravo.com/sitemap.xml,https://gamedravo.com/games/archer-hero,13 Jun 2026 (11:42 UTC)
https://gamedravo.com/sitemap.xml,https://gamedravo.com/games/armedforces-io,13 Jun 2026 (11:42 UTC)
https://gamedravo.com/sitemap.xml,https://gamedravo.com/games/army-combat,13 Jun 2026 (11:42 UTC)
https://gamedravo.com/sitemap.xml,https://gamedravo.com/games/army-driver,13 Jun 2026 (11:42 UTC)
https://gamedravo.com/sitemap.xml,https://gamedravo.com/games/cross-the-road,13 Jun 2026 (11:42 UTC)
https://gamedravo.com/sitemap.xml,https://gamedravo.com/games/asmr-makeover-makeup-studio,13 Jun 2026 (11:42 UTC)
https://gamedravo.com/sitemap.xml,https://gamedravo.com/games/atv-highway-traffic,13 Jun 2026 (11:42 UTC)
https://gamedravo.com/sitemap.xml,https://gamedravo.com/games/avatar-world-beauty-salon,13 Jun 2026 (11:42 UTC)
https://gamedravo.com/sitemap.xml,https://gamedravo.com/games/baby-beauty-salon,13 Jun 2026 (11:42 UTC)
https://gamedravo.com/sitemap.xml,https://gamedravo.com/games/back-to-school-uniforms-edition,13 Jun 2026 (11:42 UTC)
https://gamedravo.com/sitemap.xml,https://gamedravo.com/games/backflip-challenge,13 Jun 2026 (11:42 UTC)
https://gamedravo.com/sitemap.xml,https://gamedravo.com/games/bandits-multiplayer-pvp,13 Jun 2026 (11:42 UTC)
https://gamedravo.com/sitemap.xml,https://gamedravo.com/games/barbee-met-gala-transformation,13 Jun 2026 (11:42 UTC)
https://gamedravo.com/sitemap.xml,https://gamedravo.com/games/barbie-princess,13 Jun 2026 (11:42 UTC)
https://gamedravo.com/sitemap.xml,https://gamedravo.com/games/basketball-io,13 Jun 2026 (11:42 UTC)
https://gamedravo.com/sitemap.xml,https://gamedravo.com/games/basketball-slam-dunk,13 Jun 2026 (11:42 UTC)
https://gamedravo.com/sitemap.xml,https://gamedravo.com/games/battle-royale-simulator,13 Jun 2026 (11:42 UTC)
https://gamedravo.com/sitemap.xml,https://gamedravo.com/games/gamepix-1942-pacific-front,13 Jun 2026 (14:05 UTC)
https://gamedravo.com/sitemap.xml,https://gamedravo.com/games/first-day-of-school,13 Jun 2026 (11:42 UTC)
https://gamedravo.com/sitemap.xml,https://gamedravo.com/games/fnf-funk-3d,13 Jun 2026 (11:42 UTC)
https://gamedravo.com/sitemap.xml,https://gamedravo.com/games/football-king,13 Jun 2026 (11:42 UTC)
https://gamedravo.com/sitemap.xml,https://gamedravo.com/games/formula-1-driver,13 Jun 2026 (11:42 UTC)
https://gamedravo.com/sitemap.xml,https://gamedravo.com/games/fort-drifter,13 Jun 2026 (11:42 UTC)
https://gamedravo.com/sitemap.xml,https://gamedravo.com/games/four-colors,13 Jun 2026 (11:42 UTC)
https://gamedravo.com/sitemap.xml,https://gamedravo.com/games/fun-party-makeup,13 Jun 2026 (11:42 UTC)
https://gamedravo.com/sitemap.xml,https://gamedravo.com/games/funny-shooter-bro,13 Jun 2026 (11:42 UTC)
https://gamedravo.com/sitemap.xml,https://gamedravo.com/games/galactic-driver,13 Jun 2026 (11:42 UTC)
https://gamedravo.com/sitemap.xml,https://gamedravo.com/games/galactic-sniper,13 Jun 2026 (11:42 UTC)
https://gamedravo.com/sitemap.xml,https://gamedravo.com/games/gamepix-100-doors-escape-from-prison,13 Jun 2026 (14:05 UTC)
https://gamedravo.com/sitemap.xml,https://gamedravo.com/games/gamepix-12-minibattles-two-players,13 Jun 2026 (14:05 UTC)
https://gamedravo.com/sitemap.xml,https://gamedravo.com/games/gamepix-1941-frozen-front,13 Jun 2026 (14:05 UTC)
https://gamedravo.com/sitemap.xml,https://gamedravo.com/games/fire-and-water,13 Jun 2026 (11:42 UTC)
https://gamedravo.com/sitemap.xml,https://gamedravo.com/games/gamepix-2048,13 Jun 2026 (14:05 UTC)
https://gamedravo.com/sitemap.xml,https://gamedravo.com/games/gamepix-2048-classic-puzzle-challenge,13 Jun 2026 (14:05 UTC)
https://gamedravo.com/sitemap.xml,https://gamedravo.com/games/gamepix-2048-x2-merge-blocks,13 Jun 2026 (14:05 UTC)
https://gamedravo.com/sitemap.xml,https://gamedravo.com/games/gamepix-2d-platformer-coin,13 Jun 2026 (14:05 UTC)
https://gamedravo.com/sitemap.xml,https://gamedravo.com/games/gamepix-3d-laane-runner,13 Jun 2026 (14:05 UTC)
https://gamedravo.com/sitemap.xml,https://gamedravo.com/games/gamepix-4-colors-multiplayer,13 Jun 2026 (14:05 UTC)
https://gamedravo.com/sitemap.xml,https://gamedravo.com/games/gamepix-4-colors-pgs,13 Jun 2026 (14:05 UTC)
https://gamedravo.com/sitemap.xml,https://gamedravo.com/games/gamepix-a-and-b-kids,13 Jun 2026 (14:05 UTC)
https://gamedravo.com/sitemap.xml,https://gamedravo.com/games/gamepix-a-mole-in-a-hole,13 Jun 2026 (14:05 UTC)
https://gamedravo.com/sitemap.xml,https://gamedravo.com/games/gamepix-aaawwe,13 Jun 2026 (14:05 UTC)
https://gamedravo.com/sitemap.xml,https://gamedravo.com/games/gamepix-ace-brawl-battle-3d,13 Jun 2026 (14:05 UTC)
https://gamedravo.com/sitemap.xml,https://gamedravo.com/games/gamepix-adventure-bot-action-platformer,13 Jun 2026 (14:05 UTC)
https://gamedravo.com/sitemap.xml,https://gamedravo.com/games/drift-fury,13 Jun 2026 (11:42 UTC)
https://gamedravo.com/sitemap.xml,https://gamedravo.com/games/cs-online,13 Jun 2026 (11:42 UTC)
https://gamedravo.com/sitemap.xml,https://gamedravo.com/games/dark-ninja-hanjo,13 Jun 2026 (11:42 UTC)
https://gamedravo.com/sitemap.xml,https://gamedravo.com/games/darkness-survivors,13 Jun 2026 (11:42 UTC)
https://gamedravo.com/sitemap.xml,https://gamedravo.com/games/deer-hunter,13 Jun 2026 (11:42 UTC)
https://gamedravo.com/sitemap.xml,https://gamedravo.com/games/dino-chaos-idle,13 Jun 2026 (11:42 UTC)
https://gamedravo.com/sitemap.xml,https://gamedravo.com/games/dinosaur-game,13 Jun 2026 (11:42 UTC)
https://gamedravo.com/sitemap.xml,https://gamedravo.com/games/dockyard-tank-parking,13 Jun 2026 (11:42 UTC)
https://gamedravo.com/sitemap.xml,https://gamedravo.com/games/dont-fall-io,13 Jun 2026 (11:42 UTC)
https://gamedravo.com/sitemap.xml,https://gamedravo.com/games/drako-io,13 Jun 2026 (11:42 UTC)
https://gamedravo.com/sitemap.xml,https://gamedravo.com/games/draw-here,13 Jun 2026 (11:42 UTC)
https://gamedravo.com/sitemap.xml,https://gamedravo.com/games/draw-the-bird-path,13 Jun 2026 (11:42 UTC)
https://gamedravo.com/sitemap.xml,https://gamedravo.com/games/draw-the-bridge,13 Jun 2026 (11:42 UTC)
https://gamedravo.com/sitemap.xml,https://gamedravo.com/games/draw-the-truck-bridge,13 Jun 2026 (11:42 UTC)
https://gamedravo.com/sitemap.xml,https://gamedravo.com/games/gamepix-cut-the-rope-time-travel,13 Jun 2026 (14:05 UTC)
https://gamedravo.com/sitemap.xml,https://gamedravo.com/games/drift-hunters-pro,13 Jun 2026 (11:42 UTC)
https://gamedravo.com/sitemap.xml,https://gamedravo.com/games/drift-king,13 Jun 2026 (11:42 UTC)
https://gamedravo.com/sitemap.xml,https://gamedravo.com/games/drift-rider,13 Jun 2026 (11:42 UTC)
https://gamedravo.com/sitemap.xml,https://gamedravo.com/games/drunken-duel,13 Jun 2026 (11:42 UTC)
https://gamedravo.com/sitemap.xml,https://gamedravo.com/games/edys-car-simulator,13 Jun 2026 (11:42 UTC)
https://gamedravo.com/sitemap.xml,https://gamedravo.com/games/egg-helix,13 Jun 2026 (11:42 UTC)
https://gamedravo.com/sitemap.xml,https://gamedravo.com/games/euro-truck-driver-2018,13 Jun 2026 (11:42 UTC)
https://gamedravo.com/sitemap.xml,https://gamedravo.com/games/evil-santa,13 Jun 2026 (11:42 UTC)
https://gamedravo.com/sitemap.xml,https://gamedravo.com/games/f1-drift-racer,13 Jun 2026 (11:42 UTC)
https://gamedravo.com/sitemap.xml,https://gamedravo.com/games/fall-brainrots,13 Jun 2026 (11:42 UTC)
https://gamedravo.com/sitemap.xml,https://gamedravo.com/games/fashion-holic,13 Jun 2026 (11:42 UTC)
https://gamedravo.com/sitemap.xml,https://gamedravo.com/games/fashion-sticker-studio,13 Jun 2026 (11:42 UTC)
https://gamedravo.com/sitemap.xml,https://gamedravo.com/games/gamepix-killer-escape-huggy,13 Jun 2026 (14:05 UTC)
https://gamedravo.com/sitemap.xml,https://gamedravo.com/games/gamepix-idle-noob-lumberjack,13 Jun 2026 (14:05 UTC)
https://gamedravo.com/sitemap.xml,https://gamedravo.com/games/gamepix-idle-zoo,13 Jun 2026 (14:05 UTC)
https://gamedravo.com/sitemap.xml,https://gamedravo.com/games/gamepix-igi-commando-mission-games,13 Jun 2026 (14:05 UTC)
https://gamedravo.com/sitemap.xml,https://gamedravo.com/games/gamepix-in-space,13 Jun 2026 (14:05 UTC)
https://gamedravo.com/sitemap.xml,https://gamedravo.com/games/gamepix-injection-invasion,13 Jun 2026 (14:05 UTC)
https://gamedravo.com/sitemap.xml,https://gamedravo.com/games/gamepix-iron-man-the-marvel-hero,13 Jun 2026 (14:05 UTC)
https://gamedravo.com/sitemap.xml,https://gamedravo.com/games/gamepix-italian-brainrot-extreme-driver,13 Jun 2026 (14:05 UTC)
https://gamedravo.com/sitemap.xml,https://gamedravo.com/games/gamepix-jigsaw-puzzle,13 Jun 2026 (14:05 UTC)
https://gamedravo.com/sitemap.xml,https://gamedravo.com/games/gamepix-jigsaw-sort,13 Jun 2026 (14:05 UTC)
https://gamedravo.com/sitemap.xml,https://gamedravo.com/games/gamepix-jump-and-fly,13 Jun 2026 (14:05 UTC)
https://gamedravo.com/sitemap.xml,https://gamedravo.com/games/gamepix-jump-in-rhythm-to-the-hit-cat-disco,13 Jun 2026 (14:05 UTC)
https://gamedravo.com/sitemap.xml,https://gamedravo.com/games/gamepix-jungle-game-ui,13 Jun 2026 (14:05 UTC)
https://gamedravo.com/sitemap.xml,https://gamedravo.com/games/gamepix-just-golf,13 Jun 2026 (14:05 UTC)
https://gamedravo.com/sitemap.xml,https://gamedravo.com/games/gamepix-idle-military-base-army-tycoon,13 Jun 2026 (14:05 UTC)
https://gamedravo.com/sitemap.xml,https://gamedravo.com/games/gamepix-king-rugni-tower-conquest,13 Jun 2026 (14:05 UTC)
https://gamedravo.com/sitemap.xml,https://gamedravo.com/games/gamepix-knife-io,13 Jun 2026 (14:05 UTC)
https://gamedravo.com/sitemap.xml,https://gamedravo.com/games/gamepix-knife-smash,13 Jun 2026 (14:05 UTC)
https://gamedravo.com/sitemap.xml,https://gamedravo.com/games/gamepix-knifer,13 Jun 2026 (14:05 UTC)
https://gamedravo.com/sitemap.xml,https://gamedravo.com/games/gamepix-knight-360,13 Jun 2026 (14:05 UTC)
https://gamedravo.com/sitemap.xml,https://gamedravo.com/games/gamepix-knives,13 Jun 2026 (14:05 UTC)
https://gamedravo.com/sitemap.xml,https://gamedravo.com/games/gamepix-kobadoo-arithmetic,13 Jun 2026 (14:05 UTC)
https://gamedravo.com/sitemap.xml,https://gamedravo.com/games/gamepix-kobadoo-emojis,13 Jun 2026 (14:05 UTC)
https://gamedravo.com/sitemap.xml,https://gamedravo.com/games/gamepix-kobadoo-flags,13 Jun 2026 (14:05 UTC)
https://gamedravo.com/sitemap.xml,https://gamedravo.com/games/gamepix-kobadoo-numbers,13 Jun 2026 (14:05 UTC)
https://gamedravo.com/sitemap.xml,https://gamedravo.com/games/gamepix-kobadoo-shapes,13 Jun 2026 (14:05 UTC)
https://gamedravo.com/sitemap.xml,https://gamedravo.com/games/gamepix-labubu-shooter,13 Jun 2026 (14:05 UTC)
https://gamedravo.com/sitemap.xml,https://gamedravo.com/games/gamepix-last-play-ragdoll-sandbox,13 Jun 2026 (14:05 UTC)
https://gamedravo.com/sitemap.xml,https://gamedravo.com/games/gamepix-hoops-and-fruits,13 Jun 2026 (14:05 UTC)
https://gamedravo.com/sitemap.xml,https://gamedravo.com/games/gamepix-head-the-ball,13 Jun 2026 (14:05 UTC)
https://gamedravo.com/sitemap.xml,https://gamedravo.com/games/gamepix-heads-up-skibidi,13 Jun 2026 (14:05 UTC)
https://gamedravo.com/sitemap.xml,https://gamedravo.com/games/gamepix-heart-calcopus,13 Jun 2026 (14:05 UTC)
https://gamedravo.com/sitemap.xml,https://gamedravo.com/games/gamepix-helix-blitz,13 Jun 2026 (14:05 UTC)
https://gamedravo.com/sitemap.xml,https://gamedravo.com/games/gamepix-hero-tower-wars,13 Jun 2026 (14:05 UTC)
https://gamedravo.com/sitemap.xml,https://gamedravo.com/games/gamepix-heroes-inc,13 Jun 2026 (14:05 UTC)
https://gamedravo.com/sitemap.xml,https://gamedravo.com/games/gamepix-high-pizza-1,13 Jun 2026 (14:05 UTC)
https://gamedravo.com/sitemap.xml,https://gamedravo.com/games/gamepix-hill-racing,13 Jun 2026 (14:05 UTC)
https://gamedravo.com/sitemap.xml,https://gamedravo.com/games/gamepix-hit-em-up,13 Jun 2026 (14:05 UTC)
https://gamedravo.com/sitemap.xml,https://gamedravo.com/games/gamepix-hockey-hero,13 Jun 2026 (14:05 UTC)
https://gamedravo.com/sitemap.xml,https://gamedravo.com/games/gamepix-home-pin-1,13 Jun 2026 (14:05 UTC)
https://gamedravo.com/sitemap.xml,https://gamedravo.com/games/gamepix-hook-master-mafia-city,13 Jun 2026 (14:05 UTC)
https://gamedravo.com/sitemap.xml,https://gamedravo.com/games/gamepix-hoop-world,13 Jun 2026 (14:05 UTC)
https://gamedravo.com/sitemap.xml,https://gamedravo.com/games/gamepix-layer-man-3d-run-collect,13 Jun 2026 (14:05 UTC)
https://gamedravo.com/sitemap.xml,https://gamedravo.com/games/gamepix-hoops-the-game,13 Jun 2026 (14:05 UTC)
https://gamedravo.com/sitemap.xml,https://gamedravo.com/games/gamepix-horse-simulator-3d,13 Jun 2026 (14:05 UTC)
https://gamedravo.com/sitemap.xml,https://gamedravo.com/games/gamepix-hospital-doctor,13 Jun 2026 (14:05 UTC)
https://gamedravo.com/sitemap.xml,https://gamedravo.com/games/gamepix-hotgear,13 Jun 2026 (14:05 UTC)
https://gamedravo.com/sitemap.xml,https://gamedravo.com/games/gamepix-hungry-squirrel,13 Jun 2026 (14:05 UTC)
https://gamedravo.com/sitemap.xml,https://gamedravo.com/games/gamepix-hunters-and-props,13 Jun 2026 (14:05 UTC)
https://gamedravo.com/sitemap.xml,https://gamedravo.com/games/gamepix-i-want-to-be-king,13 Jun 2026 (14:05 UTC)
https://gamedravo.com/sitemap.xml,https://gamedravo.com/games/gamepix-ice-ball-run,13 Jun 2026 (14:05 UTC)
https://gamedravo.com/sitemap.xml,https://gamedravo.com/games/gamepix-ice-man-3d,13 Jun 2026 (14:05 UTC)
https://gamedravo.com/sitemap.xml,https://gamedravo.com/games/gamepix-icy-purple-head,13 Jun 2026 (14:05 UTC)
https://gamedravo.com/sitemap.xml,https://gamedravo.com/games/gamepix-idle-craft-3d-1,13 Jun 2026 (14:05 UTC)
https://gamedravo.com/sitemap.xml,https://gamedravo.com/games/gamepix-idle-gravity-breakout,13 Jun 2026 (14:05 UTC)
https://gamedravo.com/sitemap.xml,https://gamedravo.com/games/gamepix-model-wedding-girl-games,13 Jun 2026 (14:05 UTC)
https://gamedravo.com/sitemap.xml,https://gamedravo.com/games/gamepix-merge-dragons,13 Jun 2026 (14:05 UTC)
https://gamedravo.com/sitemap.xml,https://gamedravo.com/games/gamepix-merge-mine-idle-clicker,13 Jun 2026 (14:05 UTC)
https://gamedravo.com/sitemap.xml,https://gamedravo.com/games/gamepix-merge-royal,13 Jun 2026 (14:05 UTC)
https://gamedravo.com/sitemap.xml,https://gamedravo.com/games/gamepix-metal-animals,13 Jun 2026 (14:05 UTC)
https://gamedravo.com/sitemap.xml,https://gamedravo.com/games/gamepix-mice-hunt,13 Jun 2026 (14:05 UTC)
https://gamedravo.com/sitemap.xml,https://gamedravo.com/games/gamepix-microplastics-feeding,13 Jun 2026 (14:05 UTC)
https://gamedravo.com/sitemap.xml,https://gamedravo.com/games/gamepix-mineclicker,13 Jun 2026 (14:05 UTC)
https://gamedravo.com/sitemap.xml,https://gamedravo.com/games/gamepix-minecraft-skibidi-hidden-toilet,13 Jun 2026 (14:05 UTC)
https://gamedravo.com/sitemap.xml,https://gamedravo.com/games/gamepix-minetap-merge-clicker,13 Jun 2026 (14:05 UTC)
https://gamedravo.com/sitemap.xml,https://gamedravo.com/games/gamepix-mini-car,13 Jun 2026 (14:05 UTC)
https://gamedravo.com/sitemap.xml,https://gamedravo.com/games/gamepix-minigolf-master,13 Jun 2026 (14:05 UTC)
https://gamedravo.com/sitemap.xml,https://gamedravo.com/games/gamepix-mixed-world-weekend,13 Jun 2026 (14:05 UTC)
https://gamedravo.com/sitemap.xml,https://gamedravo.com/games/gamepix-mobile-legends-slime-3v3,13 Jun 2026 (14:05 UTC)
https://gamedravo.com/sitemap.xml,https://gamedravo.com/games/gamepix-merge-battler,13 Jun 2026 (14:05 UTC)
https://gamedravo.com/sitemap.xml,https://gamedravo.com/games/gamepix-money-rush,13 Jun 2026 (14:05 UTC)
https://gamedravo.com/sitemap.xml,https://gamedravo.com/games/gamepix-monster-go,13 Jun 2026 (14:05 UTC)
https://gamedravo.com/sitemap.xml,https://gamedravo.com/games/gamepix-monster-school-challenges,13 Jun 2026 (14:05 UTC)
https://gamedravo.com/sitemap.xml,https://gamedravo.com/games/gamepix-moonshine-runners-samogonki,13 Jun 2026 (14:05 UTC)
https://gamedravo.com/sitemap.xml,https://gamedravo.com/games/gamepix-morphit,13 Jun 2026 (14:05 UTC)
https://gamedravo.com/sitemap.xml,https://gamedravo.com/games/gamepix-moto-maniac-2,13 Jun 2026 (14:05 UTC)
https://gamedravo.com/sitemap.xml,https://gamedravo.com/games/gamepix-moto-maniac-3,13 Jun 2026 (14:05 UTC)
https://gamedravo.com/sitemap.xml,https://gamedravo.com/games/gamepix-moto-x3m-spooky-land,13 Jun 2026 (14:05 UTC)
https://gamedravo.com/sitemap.xml,https://gamedravo.com/games/gamepix-motocross-racing,13 Jun 2026 (14:05 UTC)
https://gamedravo.com/sitemap.xml,https://gamedravo.com/games/gamepix-mountain-tank,13 Jun 2026 (14:05 UTC)
https://gamedravo.com/sitemap.xml,https://gamedravo.com/games/gamepix-mr-driller-mini,13 Jun 2026 (14:05 UTC)
https://gamedravo.com/sitemap.xml,https://gamedravo.com/games/gamepix-mr-racer-car-racing-game,13 Jun 2026 (14:05 UTC)
https://gamedravo.com/sitemap.xml,https://gamedravo.com/games/gamepix-mahjong-sweet-connection,13 Jun 2026 (14:05 UTC)
https://gamedravo.com/sitemap.xml,https://gamedravo.com/games/gamepix-line-of-defense,13 Jun 2026 (14:05 UTC)
https://gamedravo.com/sitemap.xml,https://gamedravo.com/games/gamepix-lipuzz-water-sort-puzzle,13 Jun 2026 (14:05 UTC)
https://gamedravo.com/sitemap.xml,https://gamedravo.com/games/gamepix-little-cute-summer-fairies-puzzle,13 Jun 2026 (14:05 UTC)
https://gamedravo.com/sitemap.xml,https://gamedravo.com/games/gamepix-loaf-clicker,13 Jun 2026 (14:05 UTC)
https://gamedravo.com/sitemap.xml,https://gamedravo.com/games/gamepix-lol-surprise-fresh-spring-look,13 Jun 2026 (14:05 UTC)
https://gamedravo.com/sitemap.xml,https://gamedravo.com/games/gamepix-lol-surprise-insta-party-divas,13 Jun 2026 (14:05 UTC)
https://gamedravo.com/sitemap.xml,https://gamedravo.com/games/gamepix-lol-surprise-preppy-fashion,13 Jun 2026 (14:05 UTC)
https://gamedravo.com/sitemap.xml,https://gamedravo.com/games/gamepix-long-neck-run-1,13 Jun 2026 (14:05 UTC)
https://gamedravo.com/sitemap.xml,https://gamedravo.com/games/gamepix-lovely-virtual-cat,13 Jun 2026 (14:05 UTC)
https://gamedravo.com/sitemap.xml,https://gamedravo.com/games/gamepix-mad-mad-unicorn,13 Jun 2026 (14:05 UTC)
https://gamedravo.com/sitemap.xml,https://gamedravo.com/games/gamepix-madness-combat-fangame,13 Jun 2026 (14:05 UTC)
https://gamedravo.com/sitemap.xml,https://gamedravo.com/games/gamepix-magic-finger-3d,13 Jun 2026 (14:05 UTC)
https://gamedravo.com/sitemap.xml,https://gamedravo.com/games/gamepix-magikmon,13 Jun 2026 (14:05 UTC)
https://gamedravo.com/sitemap.xml,https://gamedravo.com/games/gamepix-head-soccer-2023,13 Jun 2026 (14:05 UTC)
https://gamedravo.com/sitemap.xml,https://gamedravo.com/games/gamepix-makeover-run-1,13 Jun 2026 (14:05 UTC)
https://gamedravo.com/sitemap.xml,https://gamedravo.com/games/gamepix-mantis-clicker,13 Jun 2026 (14:05 UTC)
https://gamedravo.com/sitemap.xml,https://gamedravo.com/games/gamepix-marge-brainrot,13 Jun 2026 (14:05 UTC)
https://gamedravo.com/sitemap.xml,https://gamedravo.com/games/gamepix-masquerades-vs-impostors,13 Jun 2026 (14:05 UTC)
https://gamedravo.com/sitemap.xml,https://gamedravo.com/games/gamepix-master-checkers-multiplayer,13 Jun 2026 (14:05 UTC)
https://gamedravo.com/sitemap.xml,https://gamedravo.com/games/gamepix-master-chess-multiplayer,13 Jun 2026 (14:05 UTC)
https://gamedravo.com/sitemap.xml,https://gamedravo.com/games/gamepix-master-of-numbers,13 Jun 2026 (14:05 UTC)
https://gamedravo.com/sitemap.xml,https://gamedravo.com/games/gamepix-match-mystery,13 Jun 2026 (14:05 UTC)
https://gamedravo.com/sitemap.xml,https://gamedravo.com/games/gamepix-mazean,13 Jun 2026 (14:05 UTC)
https://gamedravo.com/sitemap.xml,https://gamedravo.com/games/gamepix-mech-monster-arena,13 Jun 2026 (14:05 UTC)
https://gamedravo.com/sitemap.xml,https://gamedravo.com/games/gamepix-memorybot,13 Jun 2026 (14:05 UTC)
https://gamedravo.com/sitemap.xml,https://gamedravo.com/games/gamepix-merge-battle-tactics,13 Jun 2026 (14:05 UTC)
https://gamedravo.com/sitemap.xml,https://gamedravo.com/games/gamepix-fidget-spinner-mania,13 Jun 2026 (14:05 UTC)
https://gamedravo.com/sitemap.xml,https://gamedravo.com/games/gamepix-egg-clicker,13 Jun 2026 (14:05 UTC)
https://gamedravo.com/sitemap.xml,https://gamedravo.com/games/gamepix-egg-fry,13 Jun 2026 (14:05 UTC)
https://gamedravo.com/sitemap.xml,https://gamedravo.com/games/gamepix-emergency-dispatcher-911,13 Jun 2026 (14:05 UTC)
https://gamedravo.com/sitemap.xml,https://gamedravo.com/games/gamepix-endless-car-chase,13 Jun 2026 (14:05 UTC)
https://gamedravo.com/sitemap.xml,https://gamedravo.com/games/gamepix-epic-defense-clash-1,13 Jun 2026 (14:05 UTC)
https://gamedravo.com/sitemap.xml,https://gamedravo.com/games/gamepix-epic-duck,13 Jun 2026 (14:05 UTC)
https://gamedravo.com/sitemap.xml,https://gamedravo.com/games/gamepix-epic-racing-descent-on-cars,13 Jun 2026 (14:05 UTC)
https://gamedravo.com/sitemap.xml,https://gamedravo.com/games/gamepix-evil-invader,13 Jun 2026 (14:05 UTC)
https://gamedravo.com/sitemap.xml,https://gamedravo.com/games/gamepix-evolution-of-hamster-clicker,13 Jun 2026 (14:05 UTC)
https://gamedravo.com/sitemap.xml,https://gamedravo.com/games/gamepix-face-breaker,13 Jun 2026 (14:05 UTC)
https://gamedravo.com/sitemap.xml,https://gamedravo.com/games/gamepix-fail-run-online,13 Jun 2026 (14:05 UTC)
https://gamedravo.com/sitemap.xml,https://gamedravo.com/games/gamepix-faily-skater,13 Jun 2026 (14:05 UTC)
https://gamedravo.com/sitemap.xml,https://gamedravo.com/games/gamepix-falling-dummy,13 Jun 2026 (14:05 UTC)
https://gamedravo.com/sitemap.xml,https://gamedravo.com/games/gamepix-eatable-birds,13 Jun 2026 (14:05 UTC)
https://gamedravo.com/sitemap.xml,https://gamedravo.com/games/gamepix-final-freeway-2r,13 Jun 2026 (14:05 UTC)
https://gamedravo.com/sitemap.xml,https://gamedravo.com/games/gamepix-fireball-vs-ice-cream,13 Jun 2026 (14:05 UTC)
https://gamedravo.com/sitemap.xml,https://gamedravo.com/games/gamepix-fish-love,13 Jun 2026 (14:05 UTC)
https://gamedravo.com/sitemap.xml,https://gamedravo.com/games/gamepix-fish-rain,13 Jun 2026 (14:05 UTC)
https://gamedravo.com/sitemap.xml,https://gamedravo.com/games/gamepix-fishing-online,13 Jun 2026 (14:05 UTC)
https://gamedravo.com/sitemap.xml,https://gamedravo.com/games/gamepix-flamit,13 Jun 2026 (14:05 UTC)
https://gamedravo.com/sitemap.xml,https://gamedravo.com/games/gamepix-flappy-pumpkin,13 Jun 2026 (14:05 UTC)
https://gamedravo.com/sitemap.xml,https://gamedravo.com/games/gamepix-flappyball,13 Jun 2026 (14:05 UTC)
https://gamedravo.com/sitemap.xml,https://gamedravo.com/games/gamepix-flip-trickster-parkour-simulator,13 Jun 2026 (14:05 UTC)
https://gamedravo.com/sitemap.xml,https://gamedravo.com/games/gamepix-flipper-dunk-3d,13 Jun 2026 (14:05 UTC)
https://gamedravo.com/sitemap.xml,https://gamedravo.com/games/gamepix-floppy-pipe,13 Jun 2026 (14:05 UTC)
https://gamedravo.com/sitemap.xml,https://gamedravo.com/games/gamepix-flying-grimace,13 Jun 2026 (14:05 UTC)
https://gamedravo.com/sitemap.xml,https://gamedravo.com/games/gamepix-don-t-wake-brainrot,13 Jun 2026 (14:05 UTC)
https://gamedravo.com/sitemap.xml,https://gamedravo.com/games/gamepix-cute-little-dragon-creator,13 Jun 2026 (14:05 UTC)
https://gamedravo.com/sitemap.xml,https://gamedravo.com/games/gamepix-cute-pet-friends,13 Jun 2026 (14:05 UTC)
https://gamedravo.com/sitemap.xml,https://gamedravo.com/games/gamepix-cycle-extreme,13 Jun 2026 (14:05 UTC)
https://gamedravo.com/sitemap.xml,https://gamedravo.com/games/gamepix-d-copter-reloaded,13 Jun 2026 (14:05 UTC)
https://gamedravo.com/sitemap.xml,https://gamedravo.com/games/gamepix-daruma-matching,13 Jun 2026 (14:05 UTC)
https://gamedravo.com/sitemap.xml,https://gamedravo.com/games/gamepix-dash-masters,13 Jun 2026 (14:05 UTC)
https://gamedravo.com/sitemap.xml,https://gamedravo.com/games/gamepix-dd-blocky,13 Jun 2026 (14:05 UTC)
https://gamedravo.com/sitemap.xml,https://gamedravo.com/games/gamepix-dead-aim-skibidi-toilets-attack,13 Jun 2026 (14:05 UTC)
https://gamedravo.com/sitemap.xml,https://gamedravo.com/games/gamepix-death-run,13 Jun 2026 (14:05 UTC)
https://gamedravo.com/sitemap.xml,https://gamedravo.com/games/gamepix-defend-military-base,13 Jun 2026 (14:05 UTC)
https://gamedravo.com/sitemap.xml,https://gamedravo.com/games/gamepix-demolition-derby-life,13 Jun 2026 (14:05 UTC)
https://gamedravo.com/sitemap.xml,https://gamedravo.com/games/gamepix-dino-squad-battle-mission-1,13 Jun 2026 (14:05 UTC)
https://gamedravo.com/sitemap.xml,https://gamedravo.com/games/gamepix-disney-girls-spring-blossoms,13 Jun 2026 (14:05 UTC)
https://gamedravo.com/sitemap.xml,https://gamedravo.com/games/gamepix-fmf-music-battle,13 Jun 2026 (14:05 UTC)
https://gamedravo.com/sitemap.xml,https://gamedravo.com/games/gamepix-dotto-botto,13 Jun 2026 (14:05 UTC)
https://gamedravo.com/sitemap.xml,https://gamedravo.com/games/gamepix-downhill-car-ride-crash-test,13 Jun 2026 (14:05 UTC)
https://gamedravo.com/sitemap.xml,https://gamedravo.com/games/gamepix-drag-me-ow,13 Jun 2026 (14:05 UTC)
https://gamedravo.com/sitemap.xml,https://gamedravo.com/games/gamepix-drag-racing-club,13 Jun 2026 (14:05 UTC)
https://gamedravo.com/sitemap.xml,https://gamedravo.com/games/gamepix-draw-save-puzzle,13 Jun 2026 (14:05 UTC)
https://gamedravo.com/sitemap.xml,https://gamedravo.com/games/gamepix-drift-race-in-the-open-world,13 Jun 2026 (14:05 UTC)
https://gamedravo.com/sitemap.xml,https://gamedravo.com/games/gamepix-drink-drive-survive,13 Jun 2026 (14:05 UTC)
https://gamedravo.com/sitemap.xml,https://gamedravo.com/games/gamepix-drive-crazy,13 Jun 2026 (14:05 UTC)
https://gamedravo.com/sitemap.xml,https://gamedravo.com/games/gamepix-drunken-boxing-2,13 Jun 2026 (14:05 UTC)
https://gamedravo.com/sitemap.xml,https://gamedravo.com/games/gamepix-drunken-duel,13 Jun 2026 (14:05 UTC)
https://gamedravo.com/sitemap.xml,https://gamedravo.com/games/gamepix-dta-6,13 Jun 2026 (14:05 UTC)
https://gamedravo.com/sitemap.xml,https://gamedravo.com/games/gamepix-dungeon-master-cult-craft,13 Jun 2026 (14:05 UTC)
https://gamedravo.com/sitemap.xml,https://gamedravo.com/games/gamepix-gram-simulator,13 Jun 2026 (14:05 UTC)
https://gamedravo.com/sitemap.xml,https://gamedravo.com/games/gamepix-gelatino,13 Jun 2026 (14:05 UTC)
https://gamedravo.com/sitemap.xml,https://gamedravo.com/games/gamepix-gem-clicker,13 Jun 2026 (14:05 UTC)
https://gamedravo.com/sitemap.xml,https://gamedravo.com/games/gamepix-geom-etrys,13 Jun 2026 (14:05 UTC)
https://gamedravo.com/sitemap.xml,https://gamedravo.com/games/gamepix-geometrical-dash,13 Jun 2026 (14:05 UTC)
https://gamedravo.com/sitemap.xml,https://gamedravo.com/games/gamepix-geometry-gunner,13 Jun 2026 (14:05 UTC)
https://gamedravo.com/sitemap.xml,https://gamedravo.com/games/gamepix-ghost-walker,13 Jun 2026 (14:05 UTC)
https://gamedravo.com/sitemap.xml,https://gamedravo.com/games/gamepix-gladiators-merge-and-fight,13 Jun 2026 (14:05 UTC)
https://gamedravo.com/sitemap.xml,https://gamedravo.com/games/gamepix-goal-skibidi-goal,13 Jun 2026 (14:05 UTC)
https://gamedravo.com/sitemap.xml,https://gamedravo.com/games/gamepix-god-of-light,13 Jun 2026 (14:05 UTC)
https://gamedravo.com/sitemap.xml,https://gamedravo.com/games/gamepix-going-right,13 Jun 2026 (14:05 UTC)
https://gamedravo.com/sitemap.xml,https://gamedravo.com/games/gamepix-going-up,13 Jun 2026 (14:05 UTC)
https://gamedravo.com/sitemap.xml,https://gamedravo.com/games/gamepix-golf-orbit,13 Jun 2026 (14:05 UTC)
https://gamedravo.com/sitemap.xml,https://gamedravo.com/games/gamepix-graffiti-time,13 Jun 2026 (14:05 UTC)
https://gamedravo.com/sitemap.xml,https://gamedravo.com/games/gamepix-gas-station-stick-simulator,13 Jun 2026 (14:05 UTC)
https://gamedravo.com/sitemap.xml,https://gamedravo.com/games/gamepix-grand-city-driving-2,13 Jun 2026 (14:05 UTC)
https://gamedravo.com/sitemap.xml,https://gamedravo.com/games/gamepix-grand-city-police-simulation,13 Jun 2026 (14:05 UTC)
https://gamedravo.com/sitemap.xml,https://gamedravo.com/games/gamepix-grand-prix-hero,13 Jun 2026 (14:05 UTC)
https://gamedravo.com/sitemap.xml,https://gamedravo.com/games/gamepix-green-slaughter,13 Jun 2026 (14:05 UTC)
https://gamedravo.com/sitemap.xml,https://gamedravo.com/games/gamepix-grimace-penalty,13 Jun 2026 (14:05 UTC)
https://gamedravo.com/sitemap.xml,https://gamedravo.com/games/gamepix-guessthetiles,13 Jun 2026 (14:05 UTC)
https://gamedravo.com/sitemap.xml,https://gamedravo.com/games/gamepix-guilty-sniper,13 Jun 2026 (14:05 UTC)
https://gamedravo.com/sitemap.xml,https://gamedravo.com/games/gamepix-gun-fest,13 Jun 2026 (14:05 UTC)
https://gamedravo.com/sitemap.xml,https://gamedravo.com/games/gamepix-gusanos-snake-games,13 Jun 2026 (14:05 UTC)
https://gamedravo.com/sitemap.xml,https://gamedravo.com/games/gamepix-halloween-horror-massacre,13 Jun 2026 (14:05 UTC)
https://gamedravo.com/sitemap.xml,https://gamedravo.com/games/gamepix-head-ball-hyper-casual-game,13 Jun 2026 (14:05 UTC)
https://gamedravo.com/sitemap.xml,https://gamedravo.com/games/gamepix-head-puzzle-shooter,13 Jun 2026 (14:05 UTC)
https://gamedravo.com/sitemap.xml,https://gamedravo.com/games/gamepix-fruit-slasher,13 Jun 2026 (14:05 UTC)
https://gamedravo.com/sitemap.xml,https://gamedravo.com/games/gamepix-foot-chinko,13 Jun 2026 (14:05 UTC)
https://gamedravo.com/sitemap.xml,https://gamedravo.com/games/gamepix-foot-chinko-world-cup,13 Jun 2026 (14:05 UTC)
https://gamedravo.com/sitemap.xml,https://gamedravo.com/games/gamepix-football-crash,13 Jun 2026 (14:05 UTC)
https://gamedravo.com/sitemap.xml,https://gamedravo.com/games/gamepix-football-heads,13 Jun 2026 (14:05 UTC)
https://gamedravo.com/sitemap.xml,https://gamedravo.com/games/gamepix-football-masters,13 Jun 2026 (14:05 UTC)
https://gamedravo.com/sitemap.xml,https://gamedravo.com/games/gamepix-football-panda,13 Jun 2026 (14:05 UTC)
https://gamedravo.com/sitemap.xml,https://gamedravo.com/games/gamepix-football-rumble,13 Jun 2026 (14:05 UTC)
https://gamedravo.com/sitemap.xml,https://gamedravo.com/games/gamepix-fps-sniper-shooting,13 Jun 2026 (14:05 UTC)
https://gamedravo.com/sitemap.xml,https://gamedravo.com/games/gamepix-fractal-combat-x,13 Jun 2026 (14:05 UTC)
https://gamedravo.com/sitemap.xml,https://gamedravo.com/games/gamepix-frontline-assault,13 Jun 2026 (14:05 UTC)
https://gamedravo.com/sitemap.xml,https://gamedravo.com/games/gamepix-frozen-princess-christmas-celebration,13 Jun 2026 (14:05 UTC)
https://gamedravo.com/sitemap.xml,https://gamedravo.com/games/gamepix-frozen-sam-1,13 Jun 2026 (14:05 UTC)
https://gamedravo.com/sitemap.xml,https://gamedravo.com/games/gamepix-fruit-blaster,13 Jun 2026 (14:05 UTC)
https://gamedravo.com/sitemap.xml,https://gamedravo.com/games/2-player-crazy-racer,13 Jun 2026 (11:42 UTC)
https://gamedravo.com/sitemap.xml,https://gamedravo.com/games/gamepix-fruit-smash-master,13 Jun 2026 (14:05 UTC)
https://gamedravo.com/sitemap.xml,https://gamedravo.com/games/gamepix-fruits-shooter-pop-master,13 Jun 2026 (14:05 UTC)
https://gamedravo.com/sitemap.xml,https://gamedravo.com/games/gamepix-funny-bone-surgery,13 Jun 2026 (14:05 UTC)
https://gamedravo.com/sitemap.xml,https://gamedravo.com/games/gamepix-funny-food-duel,13 Jun 2026 (14:05 UTC)
https://gamedravo.com/sitemap.xml,https://gamedravo.com/games/gamepix-funny-hair-salon,13 Jun 2026 (14:05 UTC)
https://gamedravo.com/sitemap.xml,https://gamedravo.com/games/gamepix-funny-rescue-gardener,13 Jun 2026 (14:05 UTC)
https://gamedravo.com/sitemap.xml,https://gamedravo.com/games/gamepix-funny-rescue-pet,13 Jun 2026 (14:05 UTC)
https://gamedravo.com/sitemap.xml,https://gamedravo.com/games/gamepix-funny-shooter-2,13 Jun 2026 (14:05 UTC)
https://gamedravo.com/sitemap.xml,https://gamedravo.com/games/gamepix-funny-shooter-destroy-all-enemies,13 Jun 2026 (14:05 UTC)
https://gamedravo.com/sitemap.xml,https://gamedravo.com/games/gamepix-funny-throat-surgery,13 Jun 2026 (14:05 UTC)
https://gamedravo.com/sitemap.xml,https://gamedravo.com/games/gamepix-galactic-pixel-storm,13 Jun 2026 (14:05 UTC)
https://gamedravo.com/sitemap.xml,https://gamedravo.com/games/gamepix-galaxy-warriors,13 Jun 2026 (14:05 UTC)
